,gene_name,X,threshold,ADA,ADE,ADF,ADL,AFD,AIA,AIB,AIM,AIN,AIY,AIZ,ALA,ALM,ALN,AQR,AS,ASEL,ASER,ASG,ASH,ASI,ASJ,ASK,AUA,AVA,AVB,AVD,AVE,AVF,AVG,AVH,AVJ,AVK,AVL,AVM,AWA,AWB,AWC_OFF,AWC_ON,BAG,BDU,CAN,CEP,DA,DA9,DB,DB01,DVA,DVB,DVC,FLP,HSN,I1,I2,I3,I4,I5,I6,IL1,IL2_DV,IL2_LR,LUA,M1,M2,M3,M4,M5,MC,MI,NSM,OLL,OLQ,PDA,PDB,PDE,PHA,PHB,PHC,PLM,PLN,PQR,PVC,PVD,PVM,PVN,PVP,PVQ,PVR,PVT,PVW,RIA,RIB,RIC,RID,RIF,RIG,RIH,RIM,RIP,RIR,RIS,RIV,RMD_DV,RMD_LR,RME_DV,RME_LR,RMF,RMG,RMH,SAA,SAB,SDQ,SIA,SIB,SMB,SMD,URA,URB,URX,URY,VA,VA12,VB,VB01,VB02,VC,VC_4_5,VD_DD
16710,Y37E11AL.1,WBGene00021357,2,409.1345486,0,0,0,0,0,0,0,0,0,0,0,53.04561062,106.6414358,167.2324498,0,0,0,0,15.99079188,0,0,161.432441,0,0,0,0,0,44.2840264,76.10090747,0,0,0,0,0,8.475666124,0,0,0,0,0,0,67.56419928,0,0,0,0,0,0,16.17571343,0,0,0,0,0,0,0,0,51.32140246,0,0,0,8.921593827,0,0,0,0,0,0,0,155.6630624,296.6709845,0,16.88569821,0,0,0,88.33378632,0,21.40599094,0,0,0,0,0,0,0,0,0,0,0,234.2788601,0,0,9.519297407,0,171.5127868,12.30016625,145.1970308,0,0,0,0,0,0,214.0213483,0,14.69010274,0,0,0,0,0,0,0,0,82.93278435,21.31889173,0,259.4965563,0,0,0,0,0,0,0,192.0131996
30110,npr-12,WBGene00020689,2,21.42440191,103.5634416,22.61397695,0,0,34.84999187,0,0,51.56093756,0,69.15263886,0,3.577417261,0,88.88293533,0,0,47.86284101,10.83881242,0,0,0,0,0,137.0685688,0,504.2915939,22.84503307,6.582103676,26.50866299,132.4283249,0,0,0,30.65561702,0,0,0,0,0,10.32539834,0,0,0,0,48.41525256,101.8269059,9.283265443,0,124.0176733,0,33.2268875,36.74863643,0,0,0,0,79.34695612,0,0,48.30853238,0,0,0,0,0,0,0,0,0,0,0,0,0,73.75607048,0,0,19.06455664,34.92833334,0,19.97505305,125.275392,4.321495883,148.6270638,0,0,11.79269979,67.50742359,0,196.9810872,152.1215027,0,0,0,27.70023718,220.2032053,0,0,8.931850356,0,0,0,56.03869802,0,0,0,0,0,0,0,21.12171335,0,336.1719641,0,0,0,0,12.64059591,96.33322947,0,0,52.20256809,27.14023364,9.252498636,53.60078658,0,0,0
46711,npr-2,WBGene00003808,2,146.021342,0,0,28.35318512,0,0,0,714.8710144,671.8215715,0,0,0,15.43225305,150.7378944,76.18951405,2367.989936,420.1448036,278.7234036,0,127.4375995,0,416.9625182,0,203.2622146,39.56603262,33.07016407,0,0,0,0,0,0,19.8342683,0,0,0,400.4827977,0,0,51.25794087,250.8429807,0,0,103.8036035,0,0,163.3678578,0,0,0,332.3323002,39.31200194,0,0,0,0,369.1688793,0,0,0,0,0,0,0,325.1860223,0,0,0,343.635594,0,0,0,0,87.60614676,0,0,0,0,0,0,121.1473021,328.5256,808.8550252,88.67345839,0,184.6002105,1299.841446,0,0,0,0,0,0,0,929.592281,0,0,0,0,0,0,0,0,0,0,0,0,0,97.75533437,0,1245.923774,0,0,50.51694174,0,0,90.88664584,108.9890135,147.0580588,0,95.4779837,0,0,106.9268755,97.12370077,0,0,0
57310,npr-3,WBGene00007006,2,218.0232176,0,9.254151194,29.37821241,0,27.05753822,51.02746156,37.78813452,243.7152345,34.92932041,201.6120756,0,0,106.6414358,0,0,0,0,8.312331314,0,0,466.01076,0,0,0,0,147.4745819,0,11.63104177,0,82.49877314,0,0,0,0,0,0,0,0,109.4232923,31.45474332,251.55079,0,111.688732,0,50.51152454,0,45.08088363,0,0,0,42.48864262,0,0,0,0,0,0,0,0,0,0,27.47850144,0,0,0,21.57944434,0,0,0,0,84.67286163,0,55.59923082,47.30327935,0,0,0,0,0,0,114.4161284,0,0,104.6679827,0,0,0,0,0,41.64057105,81.48860932,0,13.69561519,0,0,0,0,124.3103894,0,4.399607867,0,0,49.41413117,0,0,44.46082788,16.05380008,0,50.24426405,0,58.24508254,0,17.7916182,28.84516122,33.49598695,123.469211,184.3933025,90.06305001,0,33.06569406,0,0,0,0,0,0,0
75212,daf-38,WBGene00013642,2,64.93702845,93.68246412,0,212.244579,0,0,20.48533296,20.49159653,133.9504753,28.77521969,32.82190119,0,52.99248381,0,86.09377767,0,34.69228636,31.36586784,14.02414849,107.6595689,42.4070908,0,30.63441476,74.89897173,0,0,182.5543593,0,50.25145061,0,81.70888881,0,21.37443641,0,42.98970142,0,0,42.95498695,0,225.4835289,21.20851364,0,32.24397243,73.15308059,0,0,27.2023255,0,39.87271499,0,0,0,15.19997678,23.74873554,116.1285623,20.33406521,0,45.95629489,0,18.59306284,43.05407125,0,0,0,38.48022429,0,0,0,0,0,0,0,0,0,83.34488688,0,0,0,98.95452971,0,48.39140934,217.7539256,0,0,0,832.1792995,28.25930596,13.89472084,0,0,0,0,93.62881442,0,83.6078565,176.3757032,94.1682684,29.82321839,12.42599896,96.23777221,9.999980336,0,0,0,0,0,75.73767972,68.40236757,204.3139521,0,0,0,0,0,13.17687626,0,61.91744406,126.0520275,75.02810222,43.71573725,0,0,0,0,0,0,0,0
79212,npr-26,WBGene00011372,2,44.06633437,0,191.9239987,573.5620734,0,0,0,78.17378542,415.7949216,0,110.2240656,184.4133575,0,0,0,0,19.15561953,271.6500101,152.1098679,378.9760843,154.2708694,32.30172236,0,0,0,0,0,0,132.8601874,0,0,669.00469,0,0,0,15.29846874,357.5142896,0,0,373.8692771,100.2360096,0,0,0,0,0,0,0,0,0,682.2138752,174.8233397,0,58.9736845,636.6297541,0,0,85.58541978,0,0,0,0,86.88396402,0,106.9947779,0,0,0,0,33.36917248,0,0,0,0,0,0,99.58611245,0,0,0,82.99853274,433.2303471,33.63655779,0,0,0,580.3651434,11.12603684,288.3747807,0,0,60.97927879,0,44.90281404,65.26056884,0,152.9102278,0,0,47.4721263,20.4714627,0,0,0,0,0,0,8.782099445,0,0,0,0,0,0,0,0,0,0,378.955862,0,0,0,0,0,0,0,0,0
89310,ckr-2,WBGene00021439,2,107.3609734,0,0,0,0,0,27.5912138,0,0,8.124512976,104.8034208,41.06173465,0,0,0,0,0,0,54.68854589,16.30465064,0,0,0,0,127.468581,0,14.60508561,21.52706191,0,70.5043627,0,0,0,0,0,0,0,0,0,0,0,26.93839647,0,24.88243233,664.1223273,213.8114957,173.9926925,0,34.75482657,169.3198327,0,0,0,0,16.1112976,0,0,0,0,0,21.53317782,228.260235,5.469715087,0,35.94762349,0,0,0,0,0,0,0,0,4.447967981,0,0,0,0,0,0,0,0,0,0,0,20.05799642,9.698427317,0,12.80405893,0,32.2024455,212.0689605,0,11.25504328,66.74423927,120.2028725,61.70167774,120.836272,53.05131948,0,11.31482166,89.94897709,0,141.9114179,0,0,60.04905352,0,46.77721337,0,0,0,0,18.03759083,16.11143888,148.9031954,0,0,25.82162731,0,33.46145445,341.6860395,173.845572,173.3279576,174.4115338,0,0,64.35803531
93810,daf-2,WBGene00000898,2,22.5740245,9.91010659,9.748414189,20.23222283,12.70706345,21.97744378,8.11787554,180.73061,8.642524016,19.65371861,20.11630806,10.01616774,7.260477196,0,53.02296722,40.16109813,45.8616228,15.22975466,27.62038538,12.42672148,27.7975378,14.09596844,30.37756195,43.82148547,14.55671631,0,93.93160023,8.303565309,76.33281827,75.74253739,24.66731429,26.25715228,0,47.97427095,15.05489902,15.14721737,4.974267938,34.22658586,11.22950583,93.21018104,32.80641083,8.483434338,9.835088666,90.23135902,0,37.41299076,23.96450882,0,16.40129788,11.65513115,0,98.1038529,10.78695901,0,41.22792065,14.15555534,34.65686912,0,0,10.78669422,3.068363218,0,60.81628272,32.31700698,0,40.61078622,57.96617107,75.53968361,33.80781545,22.16435764,0,0,66.60386195,0,152.0373033,6.646058473,0,0,5.114115038,5.178131772,18.11645644,19.61357101,6.995731251,9.251867665,0,23.3475588,7.823785666,23.86738025,124.1969314,18.96660627,7.424167942,41.8918399,33.08180336,19.27366629,6.735066294,32.63677171,23.52002266,24.54799964,22.73659804,105.3726818,0,26.77027568,57.59304132,14.62173546,0.809195431,0,1.367515689,0,45.16429859,0,5.143700413,29.05976167,7.443732832,0,14.82942604,28.15196331,6.999457856,6.896159724,15.84929541,0,15.09356396,19.02810857,29.50455543,14.46711034,10.25046998,6.324072235,10.8219921,8.415092078
128610,pdfr-1,WBGene00015735,2,39.86228514,68.64975449,126.1583246,17.16764201,27.58476552,548.6151804,131.3325793,763.2478814,61.55646539,74.80771475,104.0293191,129.3939793,89.3282849,493.4676234,111.6707248,129.5172523,535.9349344,312.6428007,183.9082525,250.4895096,66.37865031,0,217.5605438,208.7231729,156.0701589,76.46162352,89.0727015,84.97755356,81.07151847,295.5802866,7.564342675,39.64951524,22.92022552,0,85.61689909,7.788744391,214.3397355,331.559907,289.7368915,82.63564271,85.58408322,0,85.02446428,181.6311426,26.34267183,137.4875747,102.4389118,97.86107991,43.52613747,42.29448416,0,211.0530314,125.0648465,0,0,0,0,0,0,0,32.45976711,296.1707888,0,0,0,0,0,0,0,96.15674755,31.16559194,220.1833527,80.71516456,12.09053154,73.77903016,576.3085638,324.7932651,184.0863971,80.57673394,137.8665057,132.20186,61.08315268,29.80776954,8.349224355,365.7758262,65.93106848,74.51902117,97.65706828,12.46380165,167.9253653,137.1600034,558.3147904,79.48038003,233.5800154,234.061548,511.5212008,75.05804271,354.3533909,57.00525889,0,76.9498994,86.65377525,244.0984409,154.0679441,221.4828775,80.48178564,36.18783084,100.5788419,46.15745733,255.5750739,83.99456743,72.91613227,85.62464092,105.198121,292.3779362,169.6702915,0,26.23487822,194.9892114,686.7309997,113.3809113,9.792868401,100.5182557,90.19321183,91.54891658,0,0,100.3680246
15092,tkr-1,WBGene00006576,2,83.22964875,0,0,56.29768613,0,0,36.2162229,0,188.2023532,93.01731082,0,0,0,0,0,0,0,0,26.42625982,0,0,48.98015062,98.31164088,0,0,0,0,0,125.8670772,0,0,0,0,0,0,0,0,0,0,0,68.83734624,0,0,0,82.42833071,0,52.42317647,60.12061809,0,0,0,539.9111136,0,0,0,0,0,0,0,0,0,341.0115159,223.0873518,0,0,0,0,116.4955731,0,0,0,0,0,0,0,0,0,0,0,0,0,0,0,0,339.1125423,0,0,0,3.01592867,0,0,70.92960413,42.36196278,0,0,210.3922907,89.07223076,0,0,168.6635422,227.4837714,0,0,199.9637298,150.8431354,0,0,48.72292643,113.7511508,0,0,0,0,0,0,51.98567464,42.16169459,486.4292291,0,0,0,101.3840248,0,49.75156212,0,0,0,0
18192,npr-11,WBGene00016110,2,70.42139672,0,22.16309758,97.76454139,10.76172167,0,0,0,0,85.93630785,0,1.409364088,0,0,0,0,0,126.7188762,10.60175834,0,0,0,10.64204323,0,0,7.159161556,0,33.52964176,0,0,104.3363407,0,0,0,0,0,0,0,0,0,0,0,0,0,0,0,18.05534722,0,0,0,0,0,0,0,0,0,0,0,0,3.719247631,0,166.8870033,0,0,0,0,0,0,0,0,0,0,0,0,0,0,0,0,0,0,9.004602842,0,199.1622732,0,0,4.601257884,36.39979591,149.5706091,46.60764076,3.925827038,0,20.76060747,0,7.848172055,0,0,4.346331683,12.89842078,4.241594772,0,0,0,0,0,0,0,6.506518243,2.317176023,0,9.077618777,0,0,0,0,0,0,0,7.924915923,0,0,0,9.792868401,0,10.17114949,6.074129408,0,4.949381545,0
19032,npr-16,WBGene00006864,2,53.84984597,0,91.27946189,0,25.61731995,0,24.28249465,64.42085167,640.477252,503.140608,159.4219602,0,173.2921973,0,26.84136781,72.46716321,0,20.50563674,0,14.63463276,0,0,36.01340988,55.64821947,0,0,0,108.5715422,0,0,87.98267617,73.75733329,12.9559572,0,0,0,0,0,24.14958112,113.8105017,0,0,0,64.07630206,627.3493176,0,0,0,65.45767713,51.87982885,0,0,0,0,114.8166158,0,0,0,0,208.793146,22.89898896,0,0,0,0,0,0,0,0,0,0,0,239.4710646,0,0,0,0,0,14.65453299,0,9.077933666,0,38.63405693,30.84152302,0,0,0,0,76.64894846,0,0,0,61.23039449,0,1130.583166,0,319.4033845,0,240.6930838,0,175.8774905,326.7991014,61.19035792,120.6092893,0,229.2343913,0,0,0,0,0,0,0,0,0,214.4817201,95.1856114,96.65871571,221.6679507,148.0374253,22.42461948,292.0932897,0,0,0,0,0,0
20781,frpr-1,WBGene00015323,2,42.32737528,0,0,0,0,0,0,0,0,0,0,0,0,0,0,0,0,0,0,0,28.50184839,33.41250795,0,0,0,0,69.40624312,0,0,129.9238499,276.3638359,116.9314161,0,0,0,0,0,0,16.00233513,28.60585082,0,0,0,0,0,0,0,0,18.57196414,0,0,0,17.94982618,79.72789787,0,51.5263609,16.58800243,0,0,0,0,0,0,54.12013611,94.59337829,0,0,0,35.86277989,0,0,0,0,6.484776578,0,0,0,0,0,0,402.388525,18.40161308,0,5.225476237,0,88.93539619,63.31275218,0,4.918424249,0,0,0,0,0,0,21.00361789,0,0,0,0,137.3781035,0,0,0,0,0,0,0,0,0,0,0,0,0,0,0,0,0,0,0,0,52.81672737,0,0,0,0,0,0
21061,aexr-3,WBGene00016748,2,20.2601106,0,32.67688937,0,42.06834696,0,0,0,0,0,71.564788,0,0,0,0,0,110.2730179,31.56706223,230.1187605,130.9707572,45.37851764,0,73.72424832,0,0,0,0,0,0,0,0,37.20724213,0,0,0,90.20159499,93.02370442,179.7643679,150.732378,80.35286851,0,0,0,0,0,23.0462173,0,0,0,0,0,8.115958766,0,0,0,0,0,0,0,0,0,0,0,0,0,0,0,0,0,0,0,0,0,0,0,0,18.36671252,0,0,0,0,0,0,0,0,0,0,2.773171353,4.118890622,0,0,0,0,0,0,36.52961736,94.81723924,0,37.1457904,82.84299096,7.992045673,0,0,0,0,0,0,0,0,0,0,0,0,0,8.223203511,0,0,0,13.30849259,0,0,0,13.92136684,0,10.45731502,0,0,0
21151,npr-7,WBGene00018067,2,155.5043984,0,148.7920745,0,12.49232282,0,0,24.40875292,76.97411977,0,0,83.27489645,0,0,0,0,0,76.44355021,38.62838279,285.3917549,0,0,0,0,0,8.765839494,0,0,12.55810314,0,52.64671796,0,0,0,0,8.450574289,96.88546356,0,42.42222236,160.745396,28.0174347,0,0,0,132.2753867,0,0,0,0,0,188.7500086,0,0,0,0,0,0,0,0,22.68978276,0,0,17.58870547,0,0,0,0,0,42.74176225,24.50541088,0,0,0,38.42625102,0,0,0,0,0,0,0,0,601.0882392,35.2135612,0,0,9.265637958,0,0,271.6283273,0,0,47.63883912,0,245.3234005,0,148.5155033,0,19.3429925,137.8012982,12.02964522,0,0,0,0,0,17.27231168,0,0,0,0,0,38.27059161,0,0,0,28.83784899,0,0,0,0,272.2104939,0,22.24522411,11.86666045,0,0,0
21241,aex-2,WBGene00000085,2,245.3208728,0,225.9044433,0,0,0,0,78.90153567,0,34.64078077,0,45.9733141,0,0,28.15127959,0,52.20893506,36.27910707,18.44209522,0,0,0,53.77971787,0,0,0,0,0,0,0,0,0,0,570.2678227,0,0,108.4669651,74.81046952,40.86453131,86.79749494,0,0,0,0,0,0,0,0,164.2414474,0,0,29.46533048,89.41528094,0,0,0,0,203.9852037,0,101.7546896,37.77395854,0,0,0,35.94762349,0,0,0,0,121.0122681,0,0,0,0,0,0,0,158.1122879,0,0,0,0,12.77147968,0,0,0,10.5827817,0,0,0,0,0,0,0,0,0,330.5023162,70.20552002,0,33.60060463,0,0,0,40.80708184,0,0,0,0,0,0,92.21100909,0,0,0,0,0,75.41187391,0,25.6862426,0,0,0,0,0,0,0,0,0
21261,npr-18,WBGene00008065,2,1670.533814,0,0,75.90584842,102.3639572,0,0,0,54.28118742,0,20.37344994,97.76815187,0,0,0,0,105.075778,0,16.31227293,0,148.4814838,0,209.4865247,0,0,0,0,0,0,0,96.31059793,25.22153506,0,0,0,0,159.2044522,0,0,20.1591029,1065.613072,0,0,0,0,0,0,0,0,0,0,39.59775147,0,0,0,0,0,0,0,0,0,0,64.80584779,0,0,0,0,131.8470647,0,0,0,0,0,0,0,0,0,0,0,0,0,0,0,40.46143602,0,0,0,0,0,0,0,0,0,0,36.12611433,0,171.9082861,0,286.8570796,0,0,0,0,0,0,0,0,0,387.5525844,0,0,0,0,0,0,0,173.5894844,0,155.4954984,0,0,0,0,0,0,0,863.9264409,0
22251,npr-4,WBGene00007635,2,196.2930299,0,0,28.63119587,0,63.11897315,14.20195199,62.43028502,144.1775973,13.52130713,44.2231886,8.295666492,0,0,2.920628846,0,0,49.99608935,7.59124392,302.4125649,0,142.6729083,0,79.57228927,67.11899406,28.9898859,13.97662501,0,0,0,0,0,0,0,0,10.31352817,147.6896332,27.15762468,63.36392655,167.7835782,88.94794474,39.30288627,0,0,0,0,36.39092893,0,0,0,202.0916311,146.9854638,0,0,0,0,0,0,0,37.25808554,66.62451181,41.10251345,27.91733282,28.83900674,0,0,0,51.73419278,0,0,88.61541804,0,0,193.2928268,0,63.4151487,23.76554461,58.87493287,0,20.68975366,85.71325775,44.89675097,0,3.458604969,0,19.60097341,0,0,59.57836357,35.87256914,211.9001379,0,43.32525493,71.9567711,89.79150919,0,43.67461209,0,0,336.8408817,21.84937074,0,0,57.32480088,48.41326057,0,180.854987,146.497644,34.10242386,37.27090759,0,0,107.7760593,63.71699798,0,40.68683099,137.2443915,16.7158211,17.23009215,0,0,0,0,33.37423326,8.081998907,158.13711,118.6366134,0
22412,npr-10,WBGene00008278,2,34.22920166,0,0,0,0,0,0,0,0,0,0,15.23098478,13.29743639,0,27.32042593,0,0,54.4974877,18.1703108,0,0,0,10.39220614,0,40.68825769,24.73040092,0,0,0,0,0,0,40.1016451,37.86570341,0,0,0,0,0,0,0,0,0,0,0,0,0,0,27.95785603,10.64571772,270.4543102,0,25.27600731,0,0,19.18235115,0,0,151.0359592,28.41230047,50.32057335,0,129.6284093,49.98786632,0,0,32.91437118,146.1386907,63.52484183,0,0,25.74857256,0,0,0,0,16.29604139,0,18.93038656,0,23.18912193,0,0,25.36712445,0,0,16.49349024,0,0,5.777776011,0,0,0,0,11.29305402,0,0,0,4.465925178,0,22.576496,0,0,0,0,178.9884094,0,7.775302379,0,0,0,125.1603096,0,0,0,0,76.49033462,0,38.67885651,35.14794855,0,0,0,0,0,0,0,0
23231,seb-3,WBGene00007664,2,149.115281,0,0,0,0,0,0,0,300.7293354,25.90190107,318.1490458,14.15596325,41.95194816,243.0264012,0,112.7139057,41.56928213,0,0,0,0,42.66017176,0,0,66.12457748,0,124.9948816,64.48716509,0,0,33.53851713,0,0,0,22.63494985,0,0,0,0,0,339.5343675,0,0,282.7849335,631.6305669,235.0507647,178.7434097,0,0,0,36.86954878,0,0,0,8.055648801,0,0,0,0,0,0,100.5828571,28.78758507,0,0,0,0,0,0,0,270.0829192,171.5019391,863.6658789,119.3408009,0,0,0,0,92.0962885,0,79.8076532,128.8693893,109.8792826,0,0,44.53795585,0,0,0,500.7756989,100.2164793,0,207.3504779,24.04826324,0,91.67730609,0,0,0,0,0,0,53.57245137,93.70689174,448.2525024,0,0,0,96.4771364,0,189.8383855,0,99.15428194,0,24.17275046,85.03499603,76.54374942,0,0,0,212.9649288,1571.008541,247.3820617,80.24870496,124.9229957,0,0,443.9593669
23341,sprr-1,WBGene00010986,2,85.28058348,0,0,30.12721197,65.32825588,85.39348735,97.65908512,0,352.8524954,190.938445,0,52.52722282,0,0,0,0,54.5935609,34.96291692,15.72323868,0,0,11.45555108,41.52101144,0,65.75693327,51.28114222,0,16.16417991,65.38750292,26.68678743,0,0,0,0,6.33002593,42.58883118,60.31887123,19.89754788,45.06894589,108.9640654,0,0,0,0,0,0,0,8.993004263,0,0,0,20.99321829,0,0,123.0833219,0,0,0,0,0,21.39252035,0,76.59494678,0,0,0,0,88.56929406,0,0,0,43.13172358,28.17855698,0,0,0,0,0,0,0,0,0,0,47.28793985,0,0,0,0,23.90341578,0,48.4969108,0,0,209.0080249,0,151.7500506,0,19.0132116,0,0,6.86673343,0,0,33.77263802,0,0,107.0743898,0,79.05315203,98.18306273,0,8.711931154,34.79844254,35.94522907,26.8458461,0,0,0,0,0,0,0,0,9.516356221,0,20.73579913,0,0
23471,F59D12.1,F59D12.1,2,28.49653708,48.51117982,46.49624223,43.29767896,13.02487846,0,40.60964259,93.72319647,75.00569405,49.30638242,29.91057332,55.77859742,0,252.8329393,18.03683977,145.6510704,167.6772693,141.0391427,44.84129472,155.1725578,12.51738918,10.72132779,15.22970211,20.51350472,27.57312814,12.73827536,49.42921868,47.78458728,196.1499643,13.36302862,107.3895776,64.30266115,5.64499386,0,11.12902227,32.04047162,97.9430103,187.8304588,166.2670968,35.44014238,230.9294922,24.19307424,48.50025834,95.46678284,136.8648895,124.8869908,76.36436633,0,0,182.5052204,94.76279424,51.83821006,0,0,0,92.5593386,6.186155958,139.2518995,0,72.73921015,55.8186795,0,26.51398112,48.74600472,0,0,9.971946419,0,0,108.9421942,0,47.09267913,29.8381963,22.45173989,15.4367229,57.39414699,32.15260444,0,12.63297364,18.29033894,13.0267135,25.53609815,124.8840207,27.96773624,0,61.35613981,7.878292606,4.327356793,35.68066148,51.30351235,341.8702666,101.3111217,47.34022584,85.19637345,21.00635331,33.29073377,170.5261934,0,92.58616022,63.94046208,10.51089366,0,0,17.60242695,87.16546438,0,45.6775653,5.574293705,14.89905267,0,66.22704759,0,22.73936031,125.9486949,26.53809855,27.03624925,63.28177902,0,84.80435807,7.037702335,86.71748249,148.2200593,57.37176,9.690118829,32.41360968,33.55502068,80.89486762,55.17696716
23971,npr-24,WBGene00020086,2,16.53755202,0,0,0,71.38620598,0,5.857612494,24.79900539,0,11.12874452,0,1.708958267,0,0,0.872556604,0,0,30.42795222,70.05272013,7.849850919,6.152512826,14.29846551,7.897590962,0,0,0,0,0,0,55.81204859,0,0,0,51.05506062,0,11.73784475,0,0,0,13.00201394,0,46.45543014,0,0,0,7.419537458,12.11811189,0,88.29046854,0,59.548109,0,11.96282751,0,0,0,37.25029478,0,0,0,0,35.68240179,0,0,0,0,0,0,4.893737577,44.19661218,0,0,0,0,5.053014491,0,16.92996836,11.0708956,0,0,0,12.26534524,33.8910591,0,0,0,0,4.327356793,17.75535707,72.34429143,13.2248228,73.77223784,17.03365242,20.51608951,0,11.29053155,0,0,88.40583944,0,0,0,0,0,0,0,69.969536,0,0,0,0,0,0,0,0,0,0,14.94493899,9.487315745,0,0,16.53832894,0,11.94665726,0,0,21.6119687,0
24012,frpr-7,WBGene00018191,2,55.52732133,58.82348424,17.34481863,0,0,128.1052695,0,7.063336007,51.16102817,4.363215105,0,0,0,0,0,0,0,0,0,0,5.982620769,28.84706413,0,0,26.02318029,0,0,0,0,63.55150488,6.811288976,0,0,0,2.012395232,0,0,0,0,0,0,8.243575448,21.46137618,0,0,0,33.10945101,70.06088364,1.369268081,0,14.51611621,0,269.4346211,0,0,76.01914858,0,0,0,0,0,23.52969973,0,0,114.9093354,0,0,0,27.95911786,25.3675571,0,0,91.36263166,0,10.88582583,11.70843295,0,198.6289099,0,0,6.454518839,0,0,13.15244143,114.756463,0,34.9990578,0,0,7.923881502,0,60.36781686,27.6687678,0,25.909743,19.54541992,94.67013332,8.164952593,0,0,9.289118235,18.68348758,11.0081003,19.09789335,0,15.11208011,0,58.4835786,0,0,0,0,0,0,0,0,0,0,9.49782291,0,0,88.98999901,0,78.22527664,0,0,0,65.74149579
24532,npr-23,WBGene00021328,2,48.41574152,19.7965345,26.60292588,9.548034589,28.92693196,101.426773,52.65376851,31.53425503,82.75530731,24.30451745,59.10081415,53.48904925,47.96739104,211.3898283,14.38741808,37.36425155,15.63686557,10.90287973,13.01673257,0,18.8472498,22.08937411,15.35925669,45.46052623,136.0888417,35.9768828,56.7386924,102.100533,61.05412873,91.20262954,44.57930318,115.8056163,22.88589172,84.25543726,31.79714201,11.87612228,0,13.65113877,0,0,28.03050978,21.08991804,27.85803293,48.83591572,80.50494032,62.00999709,66.54547198,39.071853,20.55862569,0,0,76.7319324,79.40319498,81.73477859,8.055648801,46.18538806,21.66027331,0,0,51.01751578,45.13648312,0,51.6695061,40.04001802,35.94762349,0,60.68535788,57.73608393,37.56983401,63.62483365,109.3374769,0,167.9616299,37.34432304,16.14809398,9.660562113,17.83667171,0,34.59776344,77.57088333,16.1169561,85.00783612,175.9561959,46.83140166,36.3739798,31.20385799,32.15817382,17.48338938,3.620267355,115.6170693,101.3378239,57.84304111,89.6795458,27.32699265,25.24260847,40.16107777,99.58966279,55.48368355,73.21214438,157.9837149,25.85726606,102.3262216,108.1241664,48.96323248,104.585817,117.3438682,53.4101779,43.13069915,197.5391215,63.49209444,80.74788158,11.74056239,69.19627649,44.22850794,41.83674587,92.06834656,57.14781457,9.018337569,12.68243123,76.68861644,60.10726479,144.1631788,39.89938207,79.48768003,52.76393714,139.1867363,50.8030432,55.63224668
25312,dmsr-2,WBGene00021275,2,36.04246717,0,0,0,0,845.4751214,12.63382654,506.3500851,0,18.06757002,19.3953489,215.751141,36.60364916,0,0,0,0,0,160.8206926,0,0,0,0,0,0,0,0,92.76294814,0,0,0,0,0,0,0,0,0,0,0,0,0,0,0,0,0,372.2251466,59.14579432,42.60533199,0,0,0,39.09927388,108.0663923,0,0,0,0,0,0,190.642251,5.331283014,34.14792101,0,0,135.3269363,0,0,0,0,0,231.0598526,0,0,0,11.95945864,0,43.70667712,0,14.18943761,0,0,0,12.51174582,0,120.5669168,111.2655438,0,0,0,0,0,304.8675864,55.23302617,0,0,0,302.1719302,0,109.52257,240.1851559,14.13540943,83.79660993,102.1418335,276.5171183,0,0,0,10.64817188,0,30.67894251,0,0,0,35.77182251,0,132.9591451,51.44895443,148.8140851,177.8108637,87.53073553,26.07949596,0,383.2973765,7.471503698,171.1701102,0,0,0
35032,gnrr-5,WBGene00019224,2,23.21391104,0,0,0,101.6573284,0,0,32.98281314,98.14357509,186.0652917,239.184224,28.48692719,87.48086802,0,0,0,0,7.413303667,0,0,0,31.30065968,0,0,0,33.35724667,36.35401663,41.0977188,0,0,14.47611609,0,0,32.45233293,0,0,0,311.1721803,182.344094,28.19771012,0,0,0,0,0,0,0,0,0,0,157.10132,0,0,0,0,0,0,0,0,49.79618959,43.12248805,44.94254066,0,0,0,0,0,0,0,0,24.53738014,0,0,121.7975658,35.97123776,187.8971809,0,0,0,0,0,59.51514706,0,105.8466859,0,0,17.29956035,184.7365341,0,36.5797757,0,0,51.69363393,0,116.5568494,7.828471022,0,0,10.29054151,342.0944121,3.553125414,0,22.88807529,0,0,0,0,0,107.9586361,0,0,56.48870056,0,0,0,0,142.2903329,40.4108283,0,0,0,0,0,0,0,0,0,0
36361,frpr-3,WBGene00016149,2,241.8428494,0,0,0,16.36125779,0,0,18.10029394,111.6894107,0,0,0,0,0,397.2023021,0,0,0,0,40.7898412,0,1.850979667,27.21003567,0,0,0,0,0,0,0,123.7525016,40.75363741,43.68699154,0,0,0,0,0,0,0,353.6690103,0,0,0,0,0,0,0,0,0,0,0,0,0,0,0,0,0,0,0,0,0,0,0,0,0,0,0,0,0,0,0,0,0,0,6.712719756,144.6990707,0,0,0,38.64532567,0,27.57631475,0,0,0,0,9.7822643,0,119.7159444,0,0,0,0,11.77056878,0,0,0,0,0,19.15495756,0,0,0,0,0,0,3.697235621,0,0,0,0,0,0,0,0,0,175.5421099,10.38151952,0,0,0,0,0,0,0,0,0
37021,C24B5.1,WBGene00016044,2,264.7419306,0,0,0,284.3121411,0,89.12464907,49.95961119,963.4500775,30.26711448,0,0,27.27174426,0,207.6288227,0,337.7270079,135.0829988,226.7425624,70.12920906,123.1922886,99.09601126,316.2370277,0,158.534464,0,155.2283951,84.99170897,0,51.16675408,121.444392,0,24.58521098,0,142.1711213,36.46245823,92.74433648,336.5846377,48.84719484,52.89180155,62.0791629,0,0,267.7869852,0,1152.966492,738.9733478,94.57657716,0,0,0,0,156.9250289,0,0,0,21.31826108,0,0,65.86409454,50.78681767,0,0,0,0,493.0966469,0,0,0,0,25.03856918,0,0,0,115.9538604,41.06855074,44.41706376,0,17.55063471,60.42858032,28.25527524,111.7143755,7.409826915,38.11623771,289.4619844,50.67359313,64.25187032,11.58697415,0,370.0204132,358.2735577,151.0574997,791.440731,43.82189999,0,575.5612584,351.6595146,72.85693621,357.2965116,0,338.7728277,94.10910961,149.6781592,476.5872552,0,0,0,209.2330748,0,0,219.9759454,176.0520785,228.4788781,33.29709615,132.9109115,39.78155058,79.36240899,57.60082167,124.3575717,0,216.3605933,66.83744571,368.8992513,337.3607794,519.6897199,0,0,78.39097853
37972,H09F14.1,WBGene00010375,2,38.20583175,37.19804278,13.36146441,0,85.28865934,0,0,0,0,0,0,0,84.68973742,0,10.60667009,0,4.847680223,35.90392591,0,0,8.268329031,36.42829024,5.578397178,34.01332896,0,0,141.1243692,0,27.53638186,0,59.65770433,0,0,0,69.83533574,14.64603951,70.5002633,6.686420771,7.527791187,0,22.03910803,24.82781357,77.71960122,0,0,0,0,0,0,0,193.1892139,0,0,0,0,0,190.1754007,0,64.1040566,0,0,0,0,0,131.8007952,0,0,0,0,63.14654749,84.2989077,48.98202532,0,0,0,0,0,0,21.34905014,0,0,17.24403731,0,108.8824844,0,0,0,123.4674255,43.35160949,109.7627958,0,0,43.29901791,0,0,16.09010104,75.46334319,0,0,0,0,0,0,0,0,129.3503088,0,34.35064624,0,0,0,0,0,0,0,0,0,7.731602249,0,191.3559178,0,15.56734856,0,0,0,35.54792134,169.1577051,0
38331,dmsr-1,WBGene00010191,2,120.3768315,0,73.3100073,0,0,39.21959185,71.6208277,92.02134178,129.5807918,73.5925697,156.0441591,22.97075811,0,0,0,115.973264,10.9062547,0,157.3407999,0,35.56908385,42.38218991,107.6453313,0,28.70305506,0,177.8975145,121.4687172,81.57972042,0,72.29773981,76.41410786,0,0,0,0,0,0,0,55.13445536,115.5892924,92.7485956,66.13279759,165.9997809,552.6102858,312.6683135,118.8624376,0,9.05892437,0,0,10.90374286,347.1707689,0,420.2191319,106.2212939,48.76974546,0,205.860559,57.16170589,0,172.1481173,330.5826206,54.82319896,110.2302371,0,123.7408147,38.12984984,0,37.38000806,0,121.2472902,96.09194901,212.0805804,0,0,0,0,8.169145365,12.08311045,322.9580136,46.62295681,881.8441995,149.1783861,0,0,0,0,22.6374885,490.6846694,50.36321547,78.45751749,162.3967766,49.63865154,0,364.634509,228.9643755,48.58795393,172.8556482,519.0619409,0,0,207.1971896,145.1311029,51.46478765,0,75.10296448,29.48099349,39.93353479,0,0,0,44.15884635,69.9536764,30.47181821,99.32215608,146.9597206,423.3128761,112.7763588,0,66.75790537,582.3687424,97.9181874,34.36834294,58.46284681,0,0,0
38741,ZK863.1,WBGene00014122,2,69.60298282,0,0,159.4564246,8.779107452,65.71485649,0,0,17.43313766,39.52495384,0,0,0,0,0,0,0,0,0,148.0917703,0,0,0,0,0,9.326275956,0,0,0,0,0,104.1531016,0,8.7076147,113.6558056,0,0,0,16.46023923,9.421923896,0,0,0,0,0,39.94415732,0,0,0,0,0,0,0,0,0,0,0,0,0,0,0,0,0,0,0,0,0,0,0,0,0,0,0,0,0,74.84834053,0,0,7.220586912,0,0,0,0,38.44380107,0,0,4.577685371,111.2782882,0,0,0,0,0,0,0,60.92381722,0,0,80.50631499,0,0,0,0,0,0,0,0,95.66446315,0,0,0,0,0,0,0,0,0,0,0,0,0,0,28.68610677,0,0,0,0,0
39461,frpr-5,WBGene00008342,2,126.2421399,0,75.50721214,0,0,47.42298239,0,12.32118498,42.03260664,0,0,0,0,0,0,0,80.91556472,0,0,33.18720313,0,0,0,0,1532.816258,0,0,0,0,0,0,34.62663664,0,0,0,0,167.1879392,0,0,0,0,0,0,225.0654512,68.02528317,0,0,0,0,0,0,17.71126801,0,22.24040987,277.4506063,0,202.8145325,0,0,0,0,0,93.22599986,29.1866603,437.818119,92.17844299,0,0,0,386.2076466,0,0,0,0,0,0,0,0,0,0,152.4900431,0,0,29.0825669,0,0,0,0,0,0,0,0,129.6229585,0,0,0,0,0,0,0,0,0,0,0,0,0,0,16.59203372,0,0,87.06537274,0,0,0,0,0,0,0,0,0,127.4958585,24.96830623,0,0,0,0,0,0
39841,F56A12.2,WBGene00010143,2,218.8506897,0,0,6.427370801,0,0,0,0,0,0,14.87893729,0,10.81150549,0,0,0,49.47515093,96.74639532,0,0,51.30405766,37.79700399,8.359063309,0,0,0,130.8797001,0,43.91802514,0,0,34.89941377,0,0,0,0,0,412.8936323,446.1430299,0,19.48497265,0,0,63.94604338,84.98412497,104.3933123,125.0002089,0,0,0,85.16233583,47.52251592,0,0,0,0,25.46731877,0,0,0,35.17594007,0,0,0,0,0,0,0,0,0,0,0,0,0,2.666922287,0,0,0,0,0,0,107.0590922,249.5011628,0,0,0,0,0,0,0,0,0,0,14.82972776,0,129.5889879,0,0,40.35985262,0,28.98180745,0,0,10.52683457,0,0,0,7.990221551,0,0,33.84511429,0,0,0,0,0,0,315.8171132,0,0,52.66446375,83.00800803,73.0352122,67.75833518,18.54034957,0,0,27.69699475
41772,dmsr-4,WBGene00017038,2,50.08318428,0,0,5.839298808,0,0,0,0,19.1622729,0,0,6.44211404,0,0,0,45.96885642,1.47331136,0,0,0,0,0,0,17.52494941,45.3460444,39.92122313,26.43548411,43.20717462,3.792299221,0,8.615687676,58.52313139,7.024066007,39.0468716,0,0,116.6986455,0,0,38.24055109,46.19996776,19.01817379,0,8.813076935,0,85.81086446,13.78867587,0,0,0,48.06218685,0,0,0,0,6.558333561,13.81815555,128.5159789,0,0,37.11541578,10.62880053,0,0,0,40.61078622,0,23.20904393,0,0,0,0,0,0,0,0,0,0,0,0,0,0,0,0,114.756463,0,0,0,0,0,74.79597456,120.7265966,0,0,0,31.81988,0,120.9812933,0,0,12.39773824,0,0,0,45.79554069,0,9.311643074,2.855233182,4.575501224,0,22.45606089,1.328382121,148.5884501,0,0,0,0,0,4.353238088,0,13.11872022,0,51.40986657,0,8.419415946,0,0,0
42791,C01F1.4,WBGene00015299,2,132.0369099,0,0,7.807028841,25.2103392,0,0,0,0,0,16.76756182,0,0,0,0,0,0,0,501.8640667,0,0,0,0,0,0,0,0,56.30095317,0,27.19462444,0,178.8700918,0,0,0,17.86243542,67.23419629,0,0,0,0,33.21506798,0,0,0,0,0,0,0,0,0,0,0,23.74873554,0,0,5.978469592,0,0,0,0,551.2562976,13.47525862,0,0,0,0,0,0,0,0,0,0,0,0,0,0,0,0,0,0,77.72792203,311.6012957,0,0,0,0,0,6.031857339,0,0,0,0,0,0,83.67156601,0,31.83846651,0,0,0,0,0,0,0,0,0,0,0,0,0,0,0,0,0,21.39785839,0,0,0,0,0,0,0,0,0,0,0,0
44671,npr-31,WBGene00020319,2,15.21987577,0,0,6.297238633,5.183694063,0,0,0,0,0,106.4986634,0,0,0,0,0,66.81237158,59.26486723,2.467318082,0,0,0,0,0,0,0,0,0,0,0,0,0,0,0,0,10.01213381,0,86.8069338,17.79952175,8.174440535,0,60.09441107,0,0,0,0,0,0,0,0,0,0,0,0,0,0,0,0,0,0,0,0,1.975302713,0,0,0,0,0,0,0,0,0,0,0,0,0,0,0,0,0,0,0,0,0,0,0,0,0,0,0,0,0,0,0,0,0,0,0,0,0,0,0,0,0,0,0,0,0,0,0,0,0,0,0,0,0,0,0,0,0,0,0,0,0,0,0,0,0
46541,ZK1307.7,WBGene00014248,2,85.62231043,0,81.81276309,0,0,0,258.0098291,64.01876768,0,0,0,0,0,0,157.5458788,0,16.89055617,0,0,0,0,0,0,19.85617228,0,0,293.4786629,0,266.5725272,0,0,0,0,0,0,0,0,0,0,0,242.9388402,0,0,0,0,0,0,0,0,0,0,0,0,0,0,0,0,0,0,0,0,0,0,0,0,0,0,0,0,0,0,0,0,0,0,0,0,0,0,0,0,210.0655917,0,0,0,0,7.053391062,0,0,0,239.0711416,0,0,0,203.8405989,0,542.2306272,0,0,0,996.149133,0,0,0,0,127.8905035,0,0,0,83.32480592,0,0,0,0,11.81914142,171.4962971,0,0,0,0,0,111.283355,0,0,0,0,0,0
46931,E04D5.2,WBGene00008481,2,93.55647073,0,0,0,0,82.00562087,0,0,0,0,0,0,0,0,0,56.82382035,0,0,0,0,0,0,0,0,244.6151148,0,104.7885136,70.49972096,0,0,0,0,0,0,0,0,0,0,0,0,0,0,0,0,20.50819302,0,0,0,0,0,141.2541475,0,0,23.74873554,0,8.213322375,0,0,0,0,0,75.07742342,77.98982938,0,35.94762349,0,0,133.7454972,14.96529769,0,0,0,0,0,0,0,0,0,0,0,0,0,0,0,0,29.61748323,0,0,51.27108005,50.08513819,9.619377312,0,14.21369355,0,0,0,0,50.00278022,232.03297,0,0,0,0,20.88997107,0,0,0,0,0,0,79.38965227,0,0,0,0,0,20.67426299,3.690559462,0,46.96446545,0,22.19657433,0,0,0,7.334006208,0,0
47661,B0334.6,WBGene00007146,2,3.44538114,0,0,0,0,0,0,0,2.283614356,0,0,0,0,156.0038471,0,0,0,0,0,0,0,0,0,0,8.434984079,0.998215937,0,0,0,0.58899261,0,0,0,0,0,1.575333399,0,0,0,0,0,0,0,0,0,0,0,0,0,1.541174367,0,0,0,0,0,0,0,0,0,0,0,10.62880053,0,0,0,0,0,0,0,0,0,0,0,0,0,0,0,0,0,0,0,0,0,0,0,0,0,0,0,17.84994264,0,0,0,0,0,0,0,0,0,0,0,0,2.195148446,0,0,0,0,0,2.904712119,0,0,0,0,0,0,0,0,0,0,0,9.080266211,0,2.64447591,0,0,0,0,0
53712,seb-2,WBGene00014035,2,0,68.11751286,0,0,0,0,0,0,0,0,0,0,11.12096153,0,0,0,0,0,24.88950463,0,0,0,0,0,0,15.74018062,38.59080262,316.7715187,0,73.24569525,0,1065.984192,0,0,30.18822677,0,0,0,0,0,0,0,33.05992707,80.03422632,0,99.78375148,92.66454432,117.9891957,0,0,289.9080167,0,112.6245663,90.88574617,404.9798881,218.7136733,0,136.3287976,93.49693941,330.0047017,108.1036257,0,83.34828608,198.941737,2062.697793,1380.892321,557.1331739,1287.271959,72.37932725,0,0,1086.15835,0,0,0,0,0,0,0,0,0,0,531.3521496,8.597813866,0,0,37.62323393,0,4.068750171,0,0,0,0,0,111.6143859,0,0,0,0,0,0,0,168.4231783,82.85693326,0,1263.943467,0,0,0,0,81.00228414,0,0,807.7785205,0,79.57890439,63.85010133,0,0,675.118703,55.34392697,0,0,38.14406263,173.3776615,0,0,0
54791,npr-19,WBGene00015364,2,0,35.81430888,27.13366113,55.7829132,0,0,0,0,0,0,8.897305123,0,0,0,0,37.76165582,0,0,7.896770702,0,0,0,0,0,12.25701488,0,202.9966654,0,0,0,0,0,0,5.889818278,0,28.37418361,22.89208441,0,0,0,0,0,0,19.21277167,0,0,0,0,0,0,0,30.69059186,0,0,77.49294441,12.82817216,0,0,0,32.34736366,0,22.94769302,2.817345381,0,0,0,6.084933346,12.84595953,15.28294858,143.3676846,0,0,194.6407563,0,0,6.305584705,0,21.60148089,0,0,0,0,0,0,36.3739798,19.15098493,0,0,0,0,0,0,0,0,0,0,21.80101477,41.35241199,132.3954363,0,36.10424773,0,0,0,0,0,19.02982034,0,0,0,0,0,0,0,0,0,86.06029894,0,59.7513497,22.62771456,0,19.08766447,0,0,0,0,0,0
56081,frpr-8,WBGene00018728,2,0,9.174969585,0,0,0,0,0,0,0,0,0,0,0,0,68.96296857,0,0,0,0,0,0,0,0,7.03398437,0,0,28.07308443,0,0,0,0,0,0,0,1.32633248,0,0,0,9.079819313,0,4.534013851,0,8.343664033,0,0,0,0,0,0,0,0,0,21.97922168,0,0,0,0,0,0,0,0,0,0,0,0,0,0,0,0,0,0,0,0,0,4.580119938,0,0,0,8.249913901,0,49.66870495,0,0,13.49128031,0,0,7.309990865,7.100528146,0,0,0,0,3.335911632,0,0,0,0,2.898186789,0,0,0,0,0,0,29.26168687,0,1.806133312,6.082749147,0,0,7.096732698,0,19.32879154,0,0,0,0,0,62.79143787,0,0,0,0,0,0,0,0,9.508646976
59851,ntr-1,WBGene00011582,2,0,63.95171969,25.37077338,13.73978051,0,0,0,0,15.03746161,0,0,0,0,0,0,0,0,85.8342923,0,4.827310368,0,16.97712491,29.93142915,0,0,0,0,0,0,0,0.666728707,0,0,0,0,0,0,5.230729477,0,9.806035901,0,0,0,0,0,0,0,0,0,0,0,0,0,0,0,0,0,0,0,0,0,0,0,0,0,0,0,0,0,0,0,0,0,0,51.62956284,0,0,0,0,0,0,0,0,0,0,0,0,4.327356793,0,0,0,0,0,0,0,0,0,0,0,24.25800296,0,0,0,0,0,0,0,0,0,0,0,0,0,0,0,0,0,0,0,0,0,0,0,0,0,0,0,0
60401,npr-5,WBGene00021983,2,0,34.49769039,24.29727507,0,0,0,0,13.2936884,0,47.64005881,0,0,90.33773226,0,84.05557136,103.3927571,33.70712761,14.55164802,70.7610947,0,94.59238999,0,268.4409805,0,0,0,0,57.42918276,140.5764438,0,93.28964228,77.17082932,0,0,31.85375896,12.60481365,177.6555585,401.0761947,163.4849224,40.69178725,0,0,0,317.126179,557.3652923,118.8124027,166.5981686,5.229424808,69.10496402,0,0,191.9587309,0,0,0,0,0,0,0,50.44547291,133.0899876,0,0,0,0,0,0,0,0,0,0,0,0,96.71891305,0,0,0,0,137.8299942,0,0,0,0,29.91005696,0,30.42345801,0,0,0,0,314.3842585,66.13547695,49.76407958,0,0,0,154.8126638,14.80575429,0,104.5911099,0,0,81.42325042,0,0,239.2693997,55.37951537,42.4458978,0,0,183.0329602,0,0,61.86602884,0,0,0,29.05096126,38.71656322,66.99116728,167.1859973,292.8832678,84.82006444,31.58760236,47.48481049,0,71.48807412,0
60481,T21H3.5,WBGene00020664,2,0,3.266318641,0,0,3.011138794,0,0,0.627927268,0,0.419130984,3.769804372,0,0,0,0,0,8.393775524,12.15105928,1.26163754,0,0,0,0.304269831,0,3.964290064,1.650253923,5.976727216,0,10.70671071,13.03993351,0,1.764479569,0,0,0,2.582374895,0,0,0,11.07893479,0,0.280439817,0.62052906,2.226161371,0,1.851874985,2.63851759,6.366697776,1.830580206,0,53.80675744,0,7.235881536,0,0,2.007506193,1.399405133,0,0,0.514842691,1.97420392,0,1.019586916,3.410845745,0,0,6.909463636,0,1.959653986,1.789708231,0,0,0,0,0,5.575985042,0,0,0,10.46971441,0,4.455321175,0,0,0,0,2.218958985,0,0,0,1.582968033,1.789895595,0.651549613,0.558115077,2.611684237,1.480215307,0,3.602388491,7.478741535,0,0,16.63043763,0.294607815,1.555215319,0,0,1.601220807,7.189069263,0,20.85723926,0,0,1.843818882,3.171714265,0,1.704675575,2.491851028,6.633240927,0.349211629,0,0.906051208,0,0,1.000880423,2.436574001,5.245994562,0,1.645414331
61261,frpr-18,WBGene00020586,2,0,87.72320954,138.7404621,0,0,0,0,0,43.42677618,7.953556947,130.196099,0,0,59.74060364,0,0,0,0,7.213455621,0,0,34.61565808,35.75791425,0,0,0,0,0,0,0,0,0,22.84048569,0,0,117.3323535,147.8288334,0,0,89.28017732,0,139.1454229,0,0,0,0,0,56.54712006,29.74724535,21.03909344,0,6.687657874,0,0,0,20.9612467,15.27419664,0,0,0,66.33583446,16.23549281,0,0,113.5353831,0,0,0,0,0,0,0,16.9593167,0,0,0,0,0,0,165.5068465,0,0,0,0,0,0,0,0,0,0,0,61.93912473,0,0,0,156.4074681,301.7032018,0,0,338.3528919,0,0,0,0,0,0,0,34.3393478,0,65.63086966,0,0,0,0,274.8231999,0,0,0,0,0,0,0,0,101.4761841,0,28.70927863,0,0
61471,frpr-13,WBGene00019448,2,0,81.90357083,0,0,0,0,31.19681634,15.23249081,0,434.6149081,32.05051979,27.28403691,63.02637829,0,56.66119143,0,1496.166716,0,88.10330481,26.52936341,0,0,115.583633,0,49.27149662,0,557.2014089,0,229.6122889,458.1418735,41.08609439,0,0,25.8496613,90.60757934,0,943.1960935,0,0,0,116.5645787,80.33542929,0,204.3409443,587.1799995,358.1808008,125.7180967,70.79774507,0,115.1169854,76.24259659,84.16430013,0,0,0,0,0,0,0,0,0,0,0,0,0,0,0,0,0,0,0,0,16.55833147,80.42870041,0,31.3537764,0,0,28.93492154,0,22.53703209,52.95421959,27.18571324,102.5267546,0,0,0,264.5306058,46.65525588,225.7964838,25.85708601,0,0,58.86617605,123.9775057,143.6413322,0,0,212.0529014,0,23.33315066,0,0,0,0,0,0,0,0,0,0,21.96857252,0,0,0,0,0,0,22.08634474,0,119.0475462,459.3640879,72.83189936,21.43279428,49.67481255,61.67529234,83.57627735,0
61741,dmsr-8,WBGene00007951,2,0,40.40685843,0,0,0,16.95908745,239.9554404,0,0,29.59112205,0,0,0,0,4.519129762,0,0,0,0,41.54162612,0,0,0,0,33.34485854,0,0,0,0,9.98410824,0,0,0,0,0,0,0,0,0,0,84.43403302,0,0,0,91.64537247,208.8153688,218.7464718,198.5917675,0,0,0,0,0,0,0,0,29.41164866,0,0,0,0,0,0,0,0,0,0,0,0,30.01658569,0,0,29.8381963,339.9982182,0,0,0,0,0,20.37278724,0,0,0,0,0,0,10.33816108,12.24939621,0,0,0,142.8214309,28.25293971,37.31384874,0,69.72254889,0,93.58082529,0,0,13.0971825,159.2369061,0,0,68.7432547,0,0,0,0,0,0,0,0,0,45.84242124,270.8732331,0,4.614588601,84.72809982,0,16.4069679,202.4000702,73.40729984,43.56931387,181.98849,0,0,0
62032,npr-25,WBGene00011381,2,0,28.43750905,0,34.96825284,0,0,0,0,98.87464349,0,0,0,0,0,0,0,0,0,0,25.74570323,38.80275305,45.76537139,0,55.93327795,151.7528087,543.0722861,185.504471,0,0,0,0,113.128235,75.29719866,0,0,40.01788696,84.61514781,47.61766082,0,0,0,0,0,0,0,0,210.2279462,24.9670326,212.4603669,34.0441181,0,0,0,0,0,0,59.40274551,0,191.5999025,0,4.647550467,0,0,0,0,0,0,0,0,0,0,0,0,0,0,0,0,0,163.8014588,0,0,146.837072,0,0,341.8336122,0,11.29174563,52.00469004,0,261.825722,0,0,205.6642671,0,51.73526822,0,563.1685388,0,75.10483785,0,3.592437806,242.9858665,0,145.7104671,0,0,413.8119832,0,198.6595278,0,0,634.5683832,0,104.8730589,0,146.8674544,0,48.89861206,83.70707044,0,0,0,0,421.0245403,23.69314212,0,0,103.6275749
62232,frpr-15,WBGene00010735,2,0,13.53755754,0,16.87065656,56.90673081,131.2935613,8.710672304,35.92856429,0,0,129.9690439,13.49873464,0,0,18.32069145,0,0,0,0,0,7.003144858,0,4.855793526,0,11.48316722,0,0,0,0,18.4682941,0,0,0,0,28.31545197,18.6798757,0,0,0,0,17.45864821,0,0,0,21.14029486,0,0,0,0,0,65.75676575,39.51113878,39.20598139,0,0,39.85752253,0,0,29.98954996,69.49258414,51.1986234,0,123.9228769,12.48424777,0,30.29201502,0,118.2449075,15.07971502,0,0,103.1009028,0,14.46415997,1.750729458,0,0,0,0,0,237.6818618,7.147123068,0,0,0,0,0,0,0,0,87.96352385,0,12.16499787,0,101.5265456,0,0,0,0,34.7107582,0,113.0528561,0,41.4191093,0,241.4126423,0,0,53.36953415,0,0,0,0,53.12989618,0,50.30640217,66.20376041,0,0,0,0,0,0,0,0,0,6.044836523,0
63982,B0034.5,WBGene00015005,2,0,239.243201,0,0,25.97943734,0,0,0,0,0,0,0,0,0,12.56230827,0,0,21.29557839,0,0,0,0,0,0,14.91249788,0,0,0,199.0662422,0,0,0,0,0,0,5.181038097,0,87.822207,374.5099156,0,0,0,0,22.12679563,0,27.21249163,8.759151924,0,0,0,0,0,0,0,0,0,119.0456466,0,0,0,0,0,0,0,0,0,30.93959507,0,24.66459585,0,0,0,0,0,0,0,0,0,0,0,0,0,0,0,120.5669168,0,0,0,0,0,0,0,0,0,0,0,0,0,0,0,0,0,0,0,0,36.83843295,0,0,0,0,0,10.67689023,0,0,27.89522002,14.11498732,0,268.1566517,0,48.78535259,0,0,0,0,7.189603265,0,239.432004,0
64011,frpr-16,WBGene00020023,2,0,11.21408698,22.24385338,0,0,135.3898336,0,0,106.2513528,0,0,0,3.816161549,0,0,143.9272465,0,0,0,92.96985403,0,38.80600604,0,0,0,0,0,90.85021768,11.78645221,0,0,11.26825117,0,0,0,7.552909861,31.73593009,92.12089735,220.8401744,33.46428219,0,4.136219837,20.64046634,145.0291587,0,167.9197605,95.23720433,0,0,9.682955146,0,4.172398356,4.491458703,0,0,0,5.84320621,0,0,18.41014565,0,0,0,38.56688793,13.61074209,0,0,7.320269043,0,0,0,0,72.19123018,0,0,0,0,0,4.374583959,0,0,0,0,12.18342042,0,0,0,0,0,57.06359616,0,59.63671449,26.98753735,0,0,22.85705302,5.07879898,0,19.3911344,0,18.57398842,0,0,0,0,0,0,0,0,0,107.6525676,0,0,0,4.625728212,0,48.29720958,0,0,0,57.92089261,0,53.18863804,38.94483295,56.49418112,0,8.481595883,0
65582,dmsr-3,WBGene00012993,2,0,139.7069975,0,0,26.78076198,0,0,0,653.5970432,0,0,137.7172471,0,0,0,0,0,0,69.52790136,0,0,0,27.45270914,0,0,0,0,0,0,0,0,0,0,0,0,0,43.89192115,0,0,129.9339718,0,0,0,0,0,0,0,0,0,84.79951864,0,254.4730094,195.2901505,0,117.919253,0,0,205.0360596,0,0,0,0,0,0,0,0,0,0,0,141.2606198,455.8184083,0,0,584.1089316,26.43988039,0,0,0,0,0,24.70255684,0,0,0,0,60.6382632,0,76.11429509,0,0,0,0,0,175.4162503,0,161.5484968,0,29.31596655,46.22543883,0,0,0,0,0,0,128.4337118,0,0,114.6367144,0,122.3610969,0,30.49866726,0,0,0,0,0,64.16220875,0,0,0,0,0,0,0,0,0
65751,dmsr-6,WBGene00013222,2,0,83.45722805,12.31145507,0,0,0,0,25.72102894,14.73288248,0,0,0,0,0,10.08980479,0,0,0,0,0,0,0,0,0,0,0,0,0,0,0,0,0,4.85993717,0,11.9310385,0,0,0,0,0,0,0,0,0,0,0,0,71.85431556,11.47351657,0,83.12277264,0,0,0,192.5451372,0,10.99085944,0,78.02710962,69.20325242,171.3358389,424.462524,67.06403218,23.76323558,0,148.5991611,50.50907669,193.0612611,0,26.38164368,0,0,0,0,26.99206632,0,10.78083776,0,4.38177816,0,106.4024888,116.3127213,230.3452129,7.981396082,0,0,0,12.18313932,0,193.3485374,0,0,317.6619719,0,0,47.97948162,6.516278019,30.56310789,16.97545525,0,83.28063092,0,0,268.3886587,0,0,23.88641687,122.0771186,0,0,0,0,0,0,0,0,543.5828785,59.72773828,142.2837466,112.1859701,0,72.31303739,0,0,6.094142937,0,0,0
67141,npr-27,WBGene00018344,2,0,0,32.08462924,119.178601,13.63907574,63.55794764,0,12.75908443,333.5132687,0,0,23.43664706,0,0,0,0,0,0,0,0,12.73361152,112.8455138,12.52314346,0,0,0,0,0,0,0,0,0,0,45.82766269,7.61900481,0,0,41.32914357,38.4715503,0,385.6978556,12.70356366,0,0,0,0,0,0,0,16.96769062,0,47.32344461,338.2812167,22.24040987,118.8377666,54.81898,0,26.1436945,0,146.9572419,0,0,8.332701954,0,0,661.3756614,0,0,0,0,0,12.81818917,28.17855698,0,75.5388878,0,0,0,0,0,0,0,0,26.35274897,0,0,0,69.51593709,4.068750171,10.82398402,0,0,0,0,0,86.09615844,0,0,429.3857723,31.62894318,0,0,0,0,0,0,0,0,0,0,0,0,0,0,0,0,0,0,0,0,0,73.6979915,0,0,0,414.3582708,307.992441,0
68612,srsx-25,WBGene00013375,2,0,0,40.56364468,0,0,0,0,0,0,0,0,0,0,0,0,0,0,0,0,272.0779238,0,0,0,0,0,0,0,0,0,0,0,0,0,0,0,0,0,0,0,0,0,0,0,0,0,0,31.36328884,0,0,0,0,0,0,0,0,15.52026013,0,0,0,0,0,0,0,0,46.0095181,0,0,0,0,0,0,0,0,0,0,251.922405,96.54178948,0,0,0,0,0,0,0,0,0,0,0,0,0,0,0,0,0,0,0,0,0,0,0,0,0,0,0,0,0,0,0,0,0,0,0,0,0,0,0,0,0,0,32.43706954,0,0,0,13.04185366,0,0,0,0
68871,npr-32,WBGene00013782,2,0,0,35.37449235,41.53428495,9.459832621,0,46.62835641,2.876792969,81.74266749,0,0,0,3.855268562,0,6.682547926,0,0,0,6.166639994,0,0,0,19.75163007,0,0,0,57.58901217,13.37557687,0,12.94377422,2.970597787,0,0,0,18.6126844,0,12.68613079,0,0,0,6.957805834,6.191798423,0,0,0,0,0,0,0,0,136.2007894,0,0,35.22494896,0,0,0,0,0,0,0,0,0,0,0,0,0,0,0,22.96460673,24.53738014,22.54233268,29.8381963,0,0,0,0,0,6.811864682,0,0,0,63.94842907,14.86422922,0,0,0,0,41.12959786,4.230634392,0,0,0,0,32.29594443,91.07526188,4.047990891,80.8836297,39.54773849,95.92498479,106.517804,374.8076839,0,195.448709,0,0,0,0,26.26010608,17.05167298,0,0,0,62.36352321,0,158.1202186,0,11.3765614,19.47010529,324.4583593,0,0,0,0,0,0,0,0
70742,npr-29,WBGene00013848,2,0,0,93.90844,0,0,0,215.2137,0,624.7676,221.2158,0,0,0,0,0,0,0,0,54.28538,0,0,44.58054,0,0,0,223.0507,0,0,0,225.8333,0,0,0,52.29071,0,0,0,0,0,381.0771,81.51224,0,69.60995,252.3247,143.0489,0,0,0,0,0,95.89627,453.6406,357.6788,106.9404,67.49027,0,110.7783,0,79.4249,41.81561,47.29565,689.5952,0,0,221.3094,0,102.0516,0,420.5678,0,42.39239,239.3774,72.59222,222.2352,0,0,0,0,0,0,0,0,0,0,481.0122,0,0,0,27.78343,188.7658,0,0,0,0,95.85661,234.9582,743.1496,0,322.5386,0,109.2965,0,0,0,195.4924,0,3623.876,0,0,0,133.7481,0,0,0,0,0,0,0,0,0,102.1159,169.9958,0,0,0,0,0,175.9722
72232,ZK813.5,WBGene00022824,2,0,0,318.8551,65.4823,0,0,0,0,0,0,0,0,0,0,1159.854,0,155.5405,83.36028,230.7425,348.5704,98.31751,916.1355,376.1703,0,0,0,0,0,0,0,0,0,0,0,0,13.8646,23.27515,27.161,0,57.85153,0,0,22.3637,0,0,0,0,0,0,0,0,0,0,0,0,0,0,0,0,41.9669,30.59753,0,0,0,0,0,0,0,0,0,0,0,0,0,21.14283,166.0685,453.7139,0,0,0,1066.943,0,0,0,0,0,0,0,21.70777,0,0,0,0,0,0,0,0,0,0,0,0,0,0,0,0,0,0,0,0,0,0,0,0,0,0,0,0,0,11.50061,0,0,0,0,0,0,0,0,0
72991,npr-8,WBGene00016984,2,0,0,16.74779,67.70815,0,17.52071,9.837393,0,44.08709,4.483882,0,0,0,0,6.384766,0,0,0,78.48271,127.6469,262.6736,99.1832,28.18608,7.200116,0,0,0,0,155.2399,10.10714,4.212192,0,7.179677,58.10799,0,17.6874,83.2525,57.92415,17.23053,18.08895,6.981783,0,0,0,27.47611,0,0,0,0,0,0,23.36637,48.96565,0,0,23.56707,0,0,0,0,19.06924,0,0,0,0,0,0,0,0,30.15818,0,0,33.11666,0,0,0,26.12058,0,0,18.15132,24.38153,0,47.58745,9.528204,0,0,29.68377,218.4306,62.48788,21.15733,0,0,0,0,0,11.98762,0,0,0,113.503,0,0,0,0,0,0,0,58.27928,9.184585,0,10.91355,0,0,0,0,20.21065,0,0,30.76343,0,0,0,0,0,0,0,89.3297,0
73212,npr-28,WBGene00018886,2,0,0,127.843,0,0,0,0,1476.895,0,0,0,125.1341,0,0,0,0,0,84.00109,0,0,42.81454,0,31.69331,0,0,0,0,0,0,0,0,0,0,89.96612,0,0,0,38.51285,0,0,0,25.55751,0,0,0,28.04753,0,0,59.58164,0,0,0,354.7579,144.6077,195.0882,214.5736,53.08224,0,0,33.05454,0,0,190.4674,48.91789,220.944,51.56766,174.414,110.8144,43.13609,820.0953,0,0,0,0,0,0,0,0,0,0,0,0,0,0,0,0,0,0,656.9983,0,0,0,0,0,0,0,22.51568,0,455.017,0,0,0,0,0,0,0,0,0,0,0,0,0,0,0,0,0,0,77.98167,0,0,0,0,0,0,0,0,68.39057,0
73352,nmur-1,WBGene00016747,2,0,0,6.102857,25.92707,0,90.86168,0,63.38207,0,0,153.7666,78.84299,0,0,5.564482,0,0,0,80.57765,19.35848,0,7.991569,48.6554,0,60.25419,0,0,0,7.5699,0,0,0,4.991441,0,0,0,0,0,0,0,57.17609,12.80862,0,0,0,0,0,0,0,0,5.950148,57.54488,0,0,0,0,0,0,0,0,0,4.74722,0,0,0,0,0,0,0,0,0,34.60911,0,0,0,0,0,0,7.071426,4.612525,0,0,0,0,0,52.52182,0,0,37.52423,0,13.77136,0,31.39769,0,17.36832,0,142.19,0,0,0,0,29.11617,0,50.89928,0,0,5.356056,0,61.79191,0,0,30.18304,0,21.33036,0,0,0,0,59.65377,0,0,0,0,0,0,0,0,0
73531,gnrr-3,WBGene00013871,2,0,0,11.98259,0,1.824836,0,0,0,0,0,6.326617,0,0,0,0,0,50.17879,3.549606,0,0,7.867904,2.487811,1.576791,0,0,0,0,0,1.121751,0.5440021,0,3.887528,0,0,0,0,0,57.69032,3.256119,6.837985,0,0,7.422541,0,0,0,0,0,0,0,0,3.270651,0,0,0,0,0,0,0,0,0,0,0,0,0,0,0,0,0,0,0,0,0,0,0,0,6.785741,0,0,0,0,0,0,0,0,0,1.853367,0,0,0,0,0,0,0,0,2.066129,0,0,0,0,0,0,0,0,0,0,0,0,0,0,0,0,0,0,0,0,0,0,0,0,0,0,0,0,0,0,0,6.910844
73541,npr-6,WBGene00009619,2,0,0,100.101,0,0,0,0,219.242,0,0,0,24.11018,0,169.3122,0,0,45.52258,53.59609,0,0,0,0,64.59619,0,0,0,0,0,0,0,0,0,0,29.15878,0,140.2878,0,22.10379,0,60.15892,124.3435,0,0,0,0,0,0,0,0,92.58548,47.41413,0,0,0,0,42.31957,38.48849,675.5939,0,240.9312,0,0,0,38.69809,1249.307,0,0,63.59707,0,61.75878,0,0,0,0,0,0,0,0,0,0,90.60192,0,86.53061,0,0,0,0,0,567.3643,340.3345,0,0,0,0,0,0,16.71689,0,219.0923,128.4229,10.57122,0,0,0,0,0,0,0,0,0,0,0,0,0,0,0,579.2875,104.5165,173.1064,0,0,18.50837,0,0,0,197.7313,0,0
73813,F52D10.4,WBGene00009931,2,0,0,56.48254,0,300.9547,126.4873,0,0,0,0,0,0,0,0,0,0,94.42531,37.72238,94.65367,9.075274,21.87897,0,17.50953,0,0,0,116.0305,0,0,0,0,0,0,0,0,15.98721,327.706,30.31145,92.07193,197.0227,0,0,0,0,27.47611,0,0,0,0,8.632089,122.3753,88.73703,0,0,0,0,0,0,0,0,0,216.1906,0,21.62394,219.5345,0,0,0,41.25794,0,0,0,0,0,0,0,0,0,0,0,0,0,210.2076,0,0,0,0,0,0,0,0,0,101.513,0,0,0,0,0,0,345.7589,0,0,0,0,0,0,0,0,0,0,0,0,0,0,0,0,0,0,14.59987,0,0,196.7208,0,0,0,0,0,0
74051,frpr-2,WBGene00007346,2,0,0,54.32586,0,0,0,0,0,0,0,0,0,0,0,0,0,0,0,0,0,31.04407,0,0,0,0,0,0,0,0,0,0,0,18.11499,0,0,8.735409,0,100.5697,186.8469,0,0,0,0,7.155627,0,0,0,0,0,14.47236,0,2.572785,0,0,0,0,0,0,0,0,0,0,6.654222,0,0,0,0,0,7.49247,0,0,0,0,0,0,0,0,0,0,0,0,16.64496,0,4.53701,0,0,0,0,31.40566,0,0,0,29.22411,0,0,0,18.60413,0,12.39295,167.391,63.50223,0,0,13.91913,0,0,17.58731,0,20.2714,0,0,0,0,0,9.490382,0,0,0,0,0,13.29773,0,0,0,0,0,19.64464,56.95843
74521,Y70D2A.1,WBGene00013496,2,0,0,10.41638,18.0715,0,0,0,0,11.35192,0,0,0,0,0,0,0,0,0,0,1.678141,7.36507,0,0,0,0,0,3.291213,23.87748,0,0,0.363268,0,12.24273,13.02132,0,3.382398,0,1.116484,0,28.47812,0,0,0,0,0,0,0,0,0,0,0,22.49164,0,0,0,0,0,0,0,0,0,0,0,0,0,0,0,0,0,0,0,0,0,0,0,0,0,0,0,0,0,0,0,0,0,2.885246,0,0,0,15.26448,0,44.45433,0,0,1.72498,0,5.392883,80.51064,0,0,0,46.28039,35.30188,19.17504,12.77009,0,0,0,3.079571,6.695421,48.59964,30.59748,0,0,0,70.19948,0,4.480402,0,0,0,0,0,6.28234,0,0,0,0
74711,npr-33,WBGene00009278,2,0,0,34.36172,0,7.820106,0,0,0,0,10.73881,43.29478,0,0,0,0,0,0,0,5.14182,0,0,6.949715,0,0,0,5.236733,0,19.24566,4.776195,36.19248,14.57281,0,2.992167,0,0,0,0,0,0,141.6551,0,0,0,0,0,18.02152,0,7.411504,0,4.468109,0,12.41638,0,0,0,0,8.981879,0,34.97767,0,0,0,0,0,0,0,0,0,0,41.33448,0,25.74857,0,0,0,0,0,0,0,0,0,0,0,40.90179,0,0,8.138662,0,74.68252,23.2576,0,110.0645,53.7903,0,0,26.74681,0,0,0,0,3.274296,0,0,0,0,0,11.63084,6.330735,0,0,0,0,0,0,0,0,0,0,0,0,0,0,16.2902,0,0,0,0,0
75581,gnrr-1,WBGene00018798,2,0,0,16.11116,11.77575,0,303.9357,0,0,0,0,26.8277,1.938661,0,0,0,58.33038,0,0,0,0,0,21.28621,0,0,0,0,0,0,0,0,0,0,10.19285,0,0,0,0,0,0,0,25.52796,0,0,181.3973,59.99412,0,0,0,0,0,0,0,13.06765,0,0,0,0,0,0,0,0,0,81.58827,0,0,0,0,0,0,58.59472,0,0,0,41.58202,0,41.88808,0,0,0,0,390.5107,0,0,0,0,0,42.66582,0,0,0,0,0,36.9412,0,0,0,0,0,7.028428,0,0,0,0,14.15112,0,0,0,0,0,69.2013,11.51468,0,0,0,0,9.522235,0,0,0,0,65.32741,223.1635,19.90346,0,0,302.4537,0,64.56915
79431,dmsr-16,WBGene00194821,2,0,0,11.72894,9.391864,0,0,0,0,0,0,0,0,0,0,0,0,0,0,0,2.653756,0,11.10728,0.5923519,0,0,0,0,0,0,0,0,0,0,0,0,0.6701136,0,0,0,0,0,0,0,0,0,0,0,0,0,0,0,0,0,0,0,0,0,0,0,0,1.26031,0,0,0,0,0,0,0,0,0,0,0,0,0,0,27.97984,35.58844,0,0,0,0,0,0,0,0,0,0,0,0,0,0,0,0,0,0,0,0,0,0,0,0,0,0,0,0,0,0,0,0,0,0,0,0,0.677245,0,0,0,0,0,0,0,0,0,0,0,0,0,0
79441,dmsr-13,WBGene00020524,2,0,0,25.79904,137.6899,0,0,0,0,0,0,0,0,0,0,0,0,0,0,0,156.4292,0,116.6844,0,0,0,0,0,0,0,0,0,0,0,0,0,0,3.805274,0,0,0,0,0,0,0,0,0,0,0,0,0,0,0,0,0,0,0,0,0,0,0,0,0,0,0,0,0,0,0,0,0,0,0,0,0,0,0,111.0311,0,0,0,0,0,0,0,0,0,0,0,0,0,0,0,0,0,0,0,0,0,0,0,0,0,0,0,0,0,0,0,0,0,0,0,0,0,0,0,0,0,0,0,0,0,0,0,0,0,0,0
79771,D1014.2,WBGene00017015,2,0,0,54.07402,0,0,0,196.2128,0,414.7463,0,0,0,0,0,2.964903,0,5.040389,0,0,269.0729,0,21.55636,0,50.24488,0,0,0,0,44.05031,0,9.610879,0,13.2903,0,0,0,0,148.475,77.51418,10.60932,128.0192,0,0,0,0,0,0,0,0,71.15717,0,0,0,0,0,0,0,0,0,0,0,0,0,0,0,0,0,0,0,0,0,0,0,0,0,0,0,0,0,0,0,0,23.79372,0,0,0,0,0,0,0,0,0,20.81366,0,0,0,0,0,105.5855,0,20.22848,0,0,0,0,0,0,0,0,5.165332,0,0,0,0,0,0,0,175.3394,0,0,0,0,0,0,0,0,0,0
80131,F36D4.4,WBGene00018089,2,0,0,23.5235,0,0,0,972.1286,0,0,0,117.1076,0,0,0,0,0,0,0,34.13841,0,0,0,0,0,54.96124,414.8096,0,0,0,0,32.38108,0,0,0,0,0,0,0,0,0,552.4516,0,0,41.9298,0,0,0,0,0,0,0,76.71429,0,0,0,0,81.95014,0,0,0,0,0,0,0,0,0,0,0,0,57.54036,0,0,0,0,0,0,0,0,0,0,0,0,0,0,0,0,0,12.16654,0,0,0,0,0,0,0,0,0,180.3739,0,0,535.4559,997.1308,0,181.6268,0,0,468.4478,0,0,0,0,0,0,0,0,662.8194,0,37.35973,0,0,54.55603,0,0,0,0,0,0,0
83071,R11F4.2,WBGene00020008,2,0,0,125.873,8.510495,12.33315,0,0,255.923,372.6484,0,0,0,12.41034,0,165.9045,0,0,0,0,24.63474,0,0,0,52.98578,0,0,0,0,0,0,0,0,0,0,0,0,0,0,0,0,105.9439,0,0,0,0,0,0,0,0,0,0,45.38951,0,0,0,0,0,0,91.72336,0,0,45.70324,0,0,0,0,0,0,0,328.2304,0,0,0,0,6.210454,0,30.64838,0,0,21.19031,171.4558,0,0,0,0,0,0,364.8094,0,133.6252,0,0,0,0,0,0,43.93181,0,0,0,68.94679,0,0,0,0,0,0,0,19.16473,0,0,0,0,0,0,0,0,0,0,42.20186,0,0,0,0,0,0,0,0
85631,M04G7.3,WBGene00019774,2,0,0,0,48.00995,0,0,0,123.4358,0,0,0,0,0,117.9039,0,0,0,0,12.39733,0,0,159.439,0,43.06033,18.40602,0,131.0114,0,0,190.5385,0,116.0047,0,0,0,0,0,0,0,0,0,44.15346,0,277.3864,603.8227,401.4744,213.3421,24.40526,0,0,145.0663,161.5367,41.62149,81.73478,0,0,41.18588,0,0,0,429.3358,17.31439,0,0,0,0,0,0,25.53067,0,0,0,0,141.2045,19.82495,54.6563,0,0,0,0,0,61.07834,503.8749,0,0,0,0,0,36.30479,0,0,0,0,0,0,0,28.20946,0,114.7915,43.58611,0,0,54.402,0,0,0,25.95632,0,30.80326,0,0,84.04787,0,0,0,0,0,207.0971,107.2724,0,95.98913,814.1945,145.7048,54.81169,67.65384,0,0,93.09787
85711,frpr-19,WBGene00021510,2,0,0,0,71.45265,0,0,0,0,0,0,0,0,28.84515,0,8.948071,139.9273,0,0,0,88.81505,21.05253,11.35406,12.36746,0,0,0,29.04755,0,0,0,0,0,8.376276,0,7.238163,0,0,0,12.90786,131.6517,0,0,31.1266,199.4374,66.29982,113.4643,66.3616,0,0,0,147.9617,0,0,0,0,0,0,28.65126,0,0,234.8881,0,0,0,0,0,0,0,0,0,0,0,0,0,5.463732,30.91974,0,0,29.63495,0,10.3628,0,117.7004,23.30403,0,0,0,20.49172,0,140.634,0,40.86922,0,0,0,0,0,0,0,0,66.23719,0,0,0,0,0,0,60.13481,0,0,85.23407,394.6293,0,0,14.51919,0,163.0587,202.2236,19.89905,0,60.904,183.1942,84.36556,15.11685,67.46838,0,0,0
86191,tkr-2,WBGene00016761,2,0,0,0,105.4832,0,0,12.94672,0,0,4.245559,15.80054,0,0,0,0,0,28.99685,19.33961,0,23.27249,0,0,0,0,9.893027,0,68.43566,0,0,0,0,0,0,0,0,10.44366,0,0,0,0,0,197.8014,0,0,0,0,0,0,0,0,0,0,0,0,0,0,0,0,0,0,0,0,0,0,0,0,0,0,0,0,0,75.1382,0,0,0,96.63733,98.11516,0,0,0,0,0,0,0,0,0,151.6896,79.45923,0,0,0,0,0,0,0,0,0,0,0,0,0,0,0,0,0,0,0,0,0,0,0,0,0,0,0,0,0,0,22.41739,0,0,0,0,0,0,0,0,0
86302,R13H7.2,WBGene00020069,2,0,0,0,39.78004,526.9277,1524.613,0,335.241,0,2657.938,48.71303,0,0,0,0,0,0,42.60033,0,0,561.8228,54.67916,1015.889,0,0,0,0,0,142.7377,516.36,0,0,0,0,0,25.72638,717.3334,0,0,0,0,45.98649,0,0,0,0,0,0,131.0855,0,0,0,0,0,0,0,0,0,0,0,43.45288,0,0,0,0,0,0,0,0,0,0,0,0,0,0,0,0,0,0,0,52.75212,0,0,0,0,0,0,0,502.8582,0,0,0,0,114.6795,0,524.6451,0,0,530.4602,0,0,0,0,0,0,0,0,50.43154,0,0,0,0,0,0,0,0,0,35.15278,0,0,0,0,0,0,0,0,0,0
86341,Y40C5A.4,WBGene00021497,2,0,0,0,26.15599,0,51.67945,0,23.52397,0,18.26636,73.85231,0,0,0,0,185.5936,0,0,0,0,0,0,0,0,0,0,0,0,0,0,0,0,0,0,0,0,331.5772,0,36.54845,56.384,0,0,0,0,0,13.81447,33.26329,0,30.13381,0,0,0,0,236.995,662.4934,0,14.36882,0,0,0,39.98114,0,183.144,37.96485,305.1977,496.0317,0,31.1543,39.34918,0,0,33.34996,0,22.5811,0,0,0,67.27628,0,0,0,0,325.9354,47.35622,0,0,0,35.61141,0,0,0,0,0,9.780875,164.0689,19.73204,0,0,0,0,0,54.63048,0,0,0,0,97.13357,36.83864,35.14087,0,0,0,0,0,0,0,0,0,0,0,0,16.81188,0,19.44173,0,0,0,88.98593
87451,npr-15,WBGene00012084,2,0,0,0,6.754141,90.94832,211.1489,0,0,165.6634,0,237.2193,253.7743,0,0,0,0,11.11856,29.42597,0,96.42806,0,208.552,33.95832,0,19.5113,0,0,0,184.6679,29.07601,32.96895,0,81.05138,0,0,51.62019,0,42.91291,65.92297,140.0684,0,0,0,0,39.48592,0,0,165.1278,0,0,31.58332,7.797025,0,0,115.4918,0,0,0,0,0,0,0,0,0,19.34807,0,0,0,0,0,0,0,0,0,0,0,0,0,0,0,0,0,0,0,0,0,11.94288,0,0,0,0,0,108.0237,5.215079,13.72334,102.7025,0,28.2074,0,44.82113,0,0,0,0,0,0,12.19799,13.69002,59.70788,0,0,0,67.15467,0,0,0,477.7312,204.1682,4.580033,0,0,0,0,0,0,0,0,0
87922,dmsr-5,WBGene00012962,2,0,0,0,22.19299,0,0,0,0,0,0,0,61.22248,46.66382,0,0,92.56998,0,0,0,0,0,26.07221,0,0,0,0,0,125.541,0,0,0,0,0,0,52.96922,0,0,0,0,0,0,0,0,245.1378,0,53.36644,5.853634,0,0,0,19.04357,0,0,35.22495,0,0,0,0,0,0,0,111.33,0,0,0,0,0,0,0,0,0,0,0,0,0,0,0,0,137.2993,10.80774,0,16.05671,0,6.440161,89.1357,0,24.4078,5.546343,0,40.91294,45.82582,0,0,0,0,61.01354,0,14.32757,8.553273,0,0,0,0,10.20552,0,0,0,0,0,48.34158,41.47462,0,0,40.02169,0,0,0,30.21928,0,97.53224,99.6468,0,61.93168,4.848972,23.65868,0,4.359593,0
88381,gnrr-4,WBGene00016570,2,0,0,0,78.49847,0,0,53.32268,49.05756,0,58.13046,28.87191,27.59194,0,0,0,0,67.06623,39.11312,18.06794,0,30.72289,172.4642,50.01588,0,0,18.43465,10.03308,50.85147,0,23.21654,0,75.71984,0,10.75169,11.41627,14.13638,0,0,0,34.61808,21.38133,0,0,264.4459,0,22.14752,0,30.93254,20.49474,77.68461,0,28.69723,0,13.00258,0,0,23.28154,0,0,0,0,9.49444,12.93106,0,0,0,11.72927,43.60506,0,6.334594,0,0,55.6329,0,0,0,0,15.9955,0,16.4082,7.381356,50.55083,0,6.527548,389.9035,0,10.47051,11.96462,66.89087,69.32673,27.17112,105.925,0,42.82309,125.1662,18.58216,8.895526,32.69159,5.842079,13.2394,0,11.0731,0,0,0,0,0,8.843555,4.544865,11.31399,38.72942,0,18.15063,0,0,0,0,15.55513,0,7.037702,154.3789,0,37.67513,0,0,0,0,42.56009
88391,egl-6,WBGene00001175,2,0,0,0,25.06331,19.09611,0,0,82.56395,56.85342,0,0,0,0,0,0,0,0,0,0,0,0,0,0,0,0,0,0,0,0,0,0,29.32475,0,0,0,141.727,0,0,0,0,0,0,0,0,0,0,0,944.6414,0,0,0,227.7156,0,0,0,0,0,0,0,0,0,0,0,0,0,0,0,0,0,0,0,237.725,0,0,0,0,0,0,0,0,0,0,0,0,268.804,0,0,0,0,0,0,0,31.7503,0,0,0,0,0,0,84.02101,0,0,0,0,0,0,192.2739,0,0,0,0,221.6923,0,0,0,0,0,0,142.1016,0,0,0,0,31.99896,25.96584,0,0,0
88412,T10E10.3,WBGene00020420,2,0,0,0,99.22047,0,0,17.78373,0,65.79672,0,0,136.6795,0,0,0,0,0,0,0,34.49181,0,0,21.0714,0,0,0,0,0,0,0,0,0,0,34.56942,0,0,0,0,0,31.35966,0,0,0,0,0,0,0,0,0,0,0,0,0,95.50294,0,0,82.05034,175.7897,0,0,0,0,0,0,119.615,0,0,10.50613,0,0,0,15.36175,0,0,0,0,0,0,0,0,0,0,0,0,0,0,0,0,0,28.9905,14.2749,0,0,0,29.50404,12.70163,0,0,0,0,79.97631,0,0,0,0,0,0,3.076669,0,0,0,0,0,0,0,0,0,0,0,0,0,0,0,0,0,0,0,0
88552,C17H11.1,WBGene00015921,2,0,0,0,71.88526,0,0,0,0,0,0,0,713.9451,0,0,0,0,0,0,0,0,0,0,131.9399,0,0,0,0,0,0,1118.13,0,0,0,230.2021,0,0,0,0,0,0,0,113.2662,0,0,0,0,0,0,631.2007,0,0,0,0,367.153,111.6264,116.3714,213.0748,52.59083,0,0,0,0,135.4213,0,0,0,0,0,0,0,0,0,0,0,0,0,0,0,0,0,0,0,0,0,486.0785,0,0,0,1814.39,0,0,0,0,0,45.55237,0,0,0,0,0,48.51871,0,0,0,0,0,0,0,0,0,0,0,0,0,0,0,0,0,0,0,0,0,0,0,0,0,0,0
89191,sprr-2,WBGene00009629,2,0,0,0,173.8425,0,0,0,0,0,0,0,0,0,0,65.26405,0,43.27372,103.2552,21.74219,0,0,0,0,0,225.1178,0,146.9088,0,0,0,0,0,0,0,0,0,0,0,0,78.18939,0,0,0,0,118.6806,0,0,0,42.10743,36.50266,55.2272,0,0,0,0,0,0,118.0586,0,0,0,0,0,0,0,0,0,0,0,0,0,0,0,0,0,0,0,0,0,0,80.74087,0,50.09906,0,79.753,0,0,0,217.2156,39.38138,0,0,0,0,0,0,0,106.0282,0,0,558.5696,49.13948,0,0,0,0,0,0,0,0,0,0,0,0,0,0,94.22117,0,193.9843,0,0,0,0,0,0,0,0,0
89202,ntr-2,WBGene00008808,2,0,0,0,19.63074,0,0,0,28.9424,0,0,0,0,0,0,0,0,0,0,9.441507,0,4.371905,6.68183,0,0,0,0,115.4618,0,103.5143,45.87134,5.935646,46.264,0,2.416833,0,0,0,0,0,91.84116,25.19989,0,0,0,0,6.324728,0,0,0,0,0,0,0,0,0,0,0,0,0,0,0,0,0,0,0,0,0,0,0,0,0,0,0,0,0,0,0,0,0,0,0,105.2129,59.89154,0,0,0,77.30314,21.34628,0,17.84994,0,0,0,0,0,29.95633,0,13.40405,0,0,64.76965,0,0,0,0,0,0,10.75161,0,22.67554,0,15.41513,0,0,0,14.96405,0,15.56427,0,7.037702,0,0,0,0,0,0,0,0
89271,npr-21,WBGene00020727,2,0,0,0,369.9161,0,0,12.43211,0,0,0,0,4.83062,25.52029,0,0,0,0,0,21.35765,0,0,46.16533,5.676631,0,0,28.55252,0,0,0,51.4944,0,0,0,0,0,0,0,0,0,0,0,11.82015,0,0,21.50859,0,0,8.988074,0,0,0,15.19769,0,59.00682,155.7413,0,0,0,127.7333,0,0,287.4926,270.5403,0,0,40.61079,0,69.63058,0,0,0,0,0,0,35.99093,0,0,0,169.9657,0,0,0,3.009728,0,0,0,0,0,177.6821,474.9513,0,0,0,0,0,178.2,0,0,0,0,0,0,0,0,0,0,0,0,0,0,0,0,0,0,0,0,25.10441,61.25226,80.17373,0,0,0,0,0,0,0,0,0
89571,trhr-1,WBGene00016265,2,0,0,0,2.140471,0,0,0,0,8.386628,0,3.860641,0,0,0,0,0,0,0,0,0,6.15634,0,0,0,0,0,0,0,0,0,0,11.13874,0,0,0,0,0,0,0,0,0,29.59529,0,7.898477,0,16.85749,0,0,0,0,0,53.25904,0,0,0,9.452589,37.05126,0,0,47.5588,0,0,22.49031,99.15336,80.16184,0,0,46.1475,0,0,0,0,0,0,0,0,0,0,0,0,0,0,0,0,0,3.044376,18.99345,0,3.015929,1.295972,0,0,0,0,0,15.21184,0,0,0,0,0,0,0,0,0,0,0,0,0,0,0,0,0,0,0,2.59044,0,0,0,0,21.54142,0,20.97535,0,0,0,7.951926,0
90981,dmsr-7,WBGene00016428,2,0,0,0,6.925269,0,0,0,0,61.47209,0,0,65.27648,67.96248,59.7406,47.10851,109.6297,3.689257,0,0,25.58356,0,0,0,0,135.5344,133.8212,93.28355,0,114.8876,45.88431,26.59171,0,100.5844,12.47198,93.89092,0,20.84069,0,26.96302,0,0,0,0,256.9204,186.2341,350.2382,313.2886,86.20412,0,33.44764,0,169.5671,0,0,0,0,0,0,0,0,0,0,0,0,0,0,0,0,0,0,0,0,19.1714,115.533,0,0,0,0,0,0,10.65847,44.82906,0,0,0,70.33599,17.0736,394.7933,23.68809,15.02984,126.0395,142.2728,214.5767,29.70077,0,0,191.5928,95.68253,0,0,0,48.14999,165.9637,0,217.8791,0,80.64596,7.882907,246.0819,86.45732,252.0352,75.33107,0,0,0,260.7721,0,94.43362,0,0,87.63916,27.99485,117.2839,149.2904,146.0844,0,0,0
91162,dmsr-9,WBGene00022606,2,0,0,0,33.97493,0,0,0,0,0,0,0,0,0,0,0,0,308.0248,241.5633,4.759448,9.303709,0,0,0,0,0,0,0,0,0,0,0,0,0,0,0,0,0,0,0,0,0,0,0,0,0,0,0,0,0,0,0,0,0,0,0,0,0,26.03819,0,0,0,0,3.058175,0,0,0,0,0,0,0,0,0,0,0,0,27.49014,91.2786,0,0,0,0,0,0,0,0,0,0,0,0,0,0,0,0,0,0,0,0,0,7.478742,0,0,0,0,0,0,0,0,0,0,0,0,0,0,0,0,0,0,0,0,0,0,0,0,0,0,0,0,0
91172,dmsr-11,WBGene00022605,2,0,0,0,3.784825,0,0,0,0,0,0,0,0,0,0,0,0,0,0,0,0,0,1.846924,0,0,0,0,0,0,0,0,0,0,0,0,0,0,67.04946,0,0,0,0,0,0,0,0,0,0,0,0,0,0,0,0,0,0,0,0,0,0,0,0,0,0,0,0,0,0,0,0,0,0,0,0,0,0,0,16.31606,0,0,0,0,0,0,0,0,0,0,0,0,0,0,0,0,0,0,0,0,0,0,0,0,0,0,0,0,0,0,0,0,0,0,0,0,0,0,0,0,0,0,0,0,0,0,0,0,0,0,0
91181,dmsr-14,WBGene00020523,2,0,0,0,15.56978,0,0,0,2.225504,0,0,0,0,0,0,0,0,0,0,0,9.746511,0,14.0636,0,0,0,0,0,0,0,0,0,0,0,0,0,0,0,0,0,0,0,0,0,0,0,0,0,0,0,0,0,0,0,0,0,0,0,0,0,0,0,0,0,0,0,0,0,0,0,0,0,0,0,0,0,0,44.41163,0,0,0,0,0,0,0,0,0,0,0,0,0,0,0,0,0,0,0,0,0,0,0,0,0,0,0,0,0,0,0,0,0,0,0,0,0,0,0,0,0,0,0,0,0,0,0,0,0,0,0
92012,F57A8.4,WBGene00010179,2,0,0,0,14.226,229.4423,0,0,0,0,0,0,285.7439,14.91926,0,25.7215,21.55485,0,0,0,0,0,0,0,0,53.20557,0,120.479,0,0,0,0,0,30.44037,0,0,0,0,0,0,0,0,0,0,82.39743,0,49.4492,58.41496,0,5.409592,0,0,0,0,0,70.9258,0,0,0,0,0,0,0,0,0,0,0,0,0,0,56.15972,0,0,0,0,0,0,0,0,203.3709,0,115.585,18.8358,0,0,0,0,0,11.87249,0,0,51.23565,0,0,0,0,0,128.2365,0,0,24.34083,65.82638,0,0,0,0,0,0,0,0,0,39.86483,0,0,0,0,0,0,0,165.3657,0,31.83521,0,15.43276,122.7779,9.320808,0,0,33.12024
92282,T11F9.1,WBGene00011709,2,0,0,0,5.897458,0,0,0,0,0,0,2.279396,0,0,0,4.10936,0,0,0,0,0,0,0,0,0,10.37208,25.17065,0,35.73332,0,0,0,0,0,0,0,0,0,4.180403,0,19.5362,0,0,0,27.82705,0,12.41332,10.6124,0,0,0,0,0,0,0,48.36506,0,4.421581,0,0,0,1.204079,0,3.055459,15.27787,0,0,29.07482,0,10.9081,0,0,0,0,0,0,0,0,7.549542,0,0,0,0,0,0,0,3.169754,0,0,0,0,0,0,3.245641,3.435017,0,0,4.047991,2.055987,0,0,0,0,11.80607,0,0,0,0,9.77312,5.797014,0,0,0,0,12.83347,3.38899,0,0,0,2.050189,0,7.736076,0,6.901986,0,2.375543,0,0,0
92831,C47E8.3,WBGene00008142,2,0,0,0,52.18452,0,166.2354,0,76.10226,0,0,0,0,0,0,13.63119,0,77.56573,0,0,324.9025,0,26.78398,0,0,0,182.9255,0,49.52619,0,0,61.30274,120.4789,16.19511,36.22888,0,0,0,0,0,0,0,0,0,246.4585,248.2949,234.0104,18.88171,0,0,0,0,159.4408,0,0,16.1113,0,657.2649,0,0,0,0,125.3782,0,0,0,844.4301,0,0,135.9391,0,0,127.0618,0,0,0,0,0,0,0,0,32.64712,0,0,0,466.8716,0,0,0,0,0,0,821.9332,0,0,158.7188,0,0,0,0,0,62.6773,0,0,0,49.43133,0,0,0,0,0,0,0,0,0,0,0,0,255.4106,65.04082,0,156.5154,47.90554,134.2177,67.43266,54.94746,0,0,0
92861,npr-13,WBGene00013883,2,0,0,0,22.18913,0,0,167.6864,0,0,0,0,79.62812,0,0,25.34136,0,0,0,0,0,0,0,0,0,56.93816,0,0,76.20848,32.0669,48.30978,0,0,0,0,0,0,0,0,0,0,0,0,0,0,0,0,0,85.11432,0,8.648154,0,0,4.635746,0,0,0,0,0,0,0,0,0,0,0,0,0,0,0,0,0,0,0,0,4.447968,0,0,0,0,0,0,0,0,0,6.264797,107.2279,0,6.681719,0,0,0,0,0,0,0,20.12744,0,0,62.77877,0,0,3.905097,104.4703,0,0,0,0,0,28.86687,0,0,0,149.5867,18.14573,0,0,50.26369,0,4.831516,0,0,0,0,0,0,0,0,0,0
94601,nmur-2,WBGene00019616,2,0,0,0,40.87638,0,0,0,0,0,0,0,0,0,169.3122,0,0,1.767872,0,0,49.61011,7.983137,0,0,0,0,36.90727,0,0,0,0,0,0,0,0,0,1.302156,0,0,0,0,0,0,0,0,0,0,0,30.13135,3.367108,0,0,1.579134,0,0,0,0,0,0,0,0,1.021376,0,0,0,0,0,0,0,0,0,0,0,0,0,0,12.23158,0,0,0,0,0,0,0,0,120.5669,0,0,0,0,0,0,0,0,0,0,0,0,0,0,0,0,0,0,129.1627,0,0,3.387179,0,0,0,0,3.318205,43.30109,0,0,0,0,35.64516,0,0,0,14.70406,0,0,0,0,0,0
95772,npr-20,WBGene00011578,2,0,0,0,15.04692,0,0,0,0,0,0,0,15.24498,0,0,0,0,0,0,0,0,0,54.61402,0,0,0,0,0,0,16.36217,0,0,0,0,0,0,0,0,0,0,0,0,0,0,0,0,0,0,0,0,0,0,0,7.728608,0,33.60851,13.49103,105.4534,0,0,0,0,0,0,26.73899,54.31992,0,0,0,15.61495,7.065186,0,0,0,0,0,0,0,0,0,0,0,0,0,0,0,0,0,0,0,24.67102,0,0,0,0,0,0,0,0,0,0,0,0,0,0,0,0,0,0,0,0,0,0,0,0,0,0,0,0,0,0,0,0,0,0,0,0,0,0
96491,F56A11.4,WBGene00018924,2,0,0,0,0,80.61381,0,0,37.0519,153.3695,15.89316,0,0,194.0043,0,0,0,0,0,0,18.89022,0,34.65162,0,0,0,0,67.82626,0,0,0,0,0,0,0,273.5409,0,0,0,0,0,0,0,0,0,0,0,0,0,0,0,0,123.0156,0,0,0,0,0,0,0,0,49.27107,0,0,0,30.09699,0,0,0,23.20587,0,0,79.42049,0,0,0,0,0,0,260.5079,0,0,30.65611,0,54.02203,0,0,0,0,0,0,0,0,0,0,0,0,342.437,0,0,0,0,0,0,0,0,0,79.44827,69.62914,66.75302,0,0,0,0,0,0,0,0,0,91.05708,0,0,0,0,0,0,0,0,0
96751,T01B11.1,WBGene00020138,2,0,0,0,0,260.804,0,0,0,0,0,0,10.1138,0,0,0,0,0,0,42.57501,437.6579,0,0,0,0,0,0,0,0,0,0,0,0,0,0,0,335.3759,119.9505,0,0,0,0,0,0,0,0,0,0,0,0,0,0,0,0,0,0,0,0,0,0,0,117.7441,0,0,0,0,0,0,0,0,0,0,0,0,0,0,78.08116,0,122.8266,0,0,0,87.34329,0,0,0,0,0,58.24389,0,0,0,0,0,23.71355,15.73597,0,0,0,0,0,3.643748,0,0,0,0,0,0,0,0,0,0,0,0,0,0,0,0,0,23.17513,0,0,0,0,0,0,0,0,0
96791,H23L24.4,WBGene00019231,2,0,0,0,0,10.10731,0,0,0,65.07593,0,0,0,0,0,22.12716,0,0,93.55529,0,19.08417,0,2.972336,0,26.61099,0,1.372188,0,0,13.70599,0,0,0,0,0,0,0,0,0.4313114,9.762778,78.34967,0,0,0,0,26.34267,3.201338,0,0,0,0,0,0,0,0,0,0,0,0,0,5.434178,6.980922,0,0,0,0,0,0,0,0,0,0,148.9506,23.87056,0,0,12.30552,0,0,0,0,18.71102,0,0,0,0,29.89101,0,0,0,0,0,0,45.29241,0,0,0,0,0,0,0,13.27976,0,3.753713,0,0,0,0,0,0,0,0,0,31.79532,22.43999,5.749165,0,0,0,0,0,0,12.08224,3.560858,6.667352,33.69902,0,0,0
97151,T02D1.4,WBGene00011371,2,0,0,0,0,307.8927,0,0,0,0,0,0,0,0,0,0,0,0,0,0,0,0,1329.513,0,0,0,0,0,0,29.75648,0,0,73.02701,0,0,0,0,0,0,0,0,0,0,0,0,0,0,0,0,0,0,0,0,0,115.0033,0,0,0,0,0,0,0,0,0,0,0,0,0,0,0,0,0,0,0,0,0,0,0,0,0,0,0,0,0,0,0,0,57.38378,0,475.964,0,0,0,0,0,0,0,0,0,0,0,0,0,0,0,0,0,0,0,0,0,0,0,0,0,0,0,0,0,0,0,0,0,0,0,0,0,0,0
97191,npr-30,WBGene00019183,2,0,0,0,0,28.82493,0,0,0,0,0,0,0,0,0,0,55.47724,0,0,0,0,0,0,0,0,0,0,0,0,0,0,0,0,0,0,0,7.80849,0,0,0,0,0,0,0,0,178.4805,0,0,0,0,0,0,2.327841,0,0,0,0,0,0,0,0,0,0,0,0,0,0,0,0,0,0,50.46367,0,0,25.00604,0,0,0,0,0,0,0,0,0,0,197.4211,0,0,0,0,0,0,0,0,0,0,0,0,14.28439,0,0,0,0,0,0,0,0,32.56249,0,0,0,0,0,0,0,0,8.210794,0,7.135082,0,0,0,0,0,0,0,0,0,63.50543
99181,npr-14,WBGene00012275,2,0,0,0,0,42.17723,0,36.47456,0,0,121.7769,43.57852,0,0,0,0,0,0,0,107.844,0,0,0,54.86356,0,0,0,0,68.82713,201.9405,75.89874,0,0,0,0,0,0,202.8691,0,0,86.46902,0,0,0,0,0,0,0,0,0,0,0,0,0,0,0,0,0,0,0,0,0,0,0,0,0,30.29202,0,0,0,0,0,0,0,0,0,0,0,0,0,0,0,0,0,0,0,0,0,0,255.5958,0,0,0,0,73.89476,62.86752,792.1877,0,0,0,0,0,0,0,0,0,0,0,0,0,0,0,0,0,0,0,0,0,0,0,0,0,0,0,0,0,0,0,0
99601,F13H6.5,WBGene00017433,2,0,0,0,0,11.51874,0,0,11.61091,58.74098,0,20.09224,0,158.9291,0,22.31597,0,43.07162,30.64787,0,0,39.55185,58.4424,0,22.22221,0,0,147.4434,0,260.6045,0,35.77588,166.3282,6.464807,108.1806,129.5638,0,0,28.45904,48.05877,28.70584,0,0,0,0,0,0,0,0,15.92197,0,0,0,41.90777,0,44.69121,0,23.64622,36.82799,0,65.91519,15.7251,0,0,0,78.81958,0,0,0,0,0,0,0,0,0,0,0,0,0,198.6576,0,100.4015,128.588,13.19063,44.20918,0,0,0,49.8029,86.73961,32.90486,0,0,0,6.558616,0,0,0,0,250.4494,0,20.18038,0,0,0,0,0,0,0,0,0,0,0,0,0,0,0,0,14.44087,16.20002,0,0,0,0,0,0,0,0,0
100032,frpr-9,WBGene00009965,2,0,0,0,0,85.1241,0,0,0,0,0,254.7556,0,0,0,50.78311,0,37.75003,89.09939,36.87518,0,0,0,161.9031,79.31187,0,0,0,40.2194,127.3674,55.61988,0,0,103.6547,0,0,0,0,83.58797,31.16367,297.2791,385.388,0,37.6896,0,0,0,0,92.65567,0,0,94.57961,0,0,0,0,0,0,0,85.36629,0,0,25.36796,0,0,0,0,0,0,0,0,189.0194,0,0,0,207.3816,0,0,101.6055,0,19.60664,0,0,3.009728,0,0,0,92.46948,0,0,0,0,36.52561,0,0,0,0,0,0,0,0,0,0,0,0,0,0,104.085,102.0748,106.4828,0,0,0,0,0,0,0,0,151.0348,0,0,0,27.2331,0,0,0,0,0,0
100311,gnrr-2,WBGene00007614,2,0,0,0,0,13.13879,0,0,0,64.64164,0,24.72547,75.45038,0,0,412.1055,45.09581,0,0,0,0,21.49081,28.28234,0,211.4543,0,0,31.16243,0,126.9569,0,0,0,0,0,0,0,0,17.79607,0,0,25.17616,0,26.509,36.56374,212.56,0,0,0,0,0,0,7.065268,0,0,0,0,0,0,0,36.40673,0,1122.498,0,0,0,0,0,0,0,0,0,0,0,37.91763,9.689604,63.29399,0,0,0,20.95,1040.942,0,0,0,0,33.2511,0,0,0,42.48915,82.05607,0,0,406.2629,0,0,0,0,0,0,0,0,0,0,0,0,0,20.89718,0,0,0,0,0,0,0,0,0,173.8019,162.5796,0,0,193.1507,0,0,0,0,0,0
101371,npr-34,WBGene00013187,2,0,0,0,0,241.1185,0,0,0,0,0,9.834659,0,0,0,6.062432,0,510.7681,542.9852,101.7478,42.63586,0,0,9.670918,21.55082,0,0,0,0,0,0,48.06547,0,0,0,0,0,0,398.7893,348.9655,269.2111,0,0,0,0,0,0,0,0,0,0,206.6038,0,0,0,0,0,0,0,0,0,0,0,0,0,0,0,0,0,0,0,44.5088,49.69997,0,0,0,0,0,0,0,0,0,0,0,15.50293,0,0,0,0,0,0,0,0,158.9494,0,0,0,0,0,0,0,0,0,0,0,0,0,0,0,0,0,0,0,0,0,43.77121,0,0,0,0,0,0,0,0,177.1089,26.20081,0,0,0
101402,K03H6.5,WBGene00019370,2,0,0,0,0,0,16.13773,18.13287,0,66.31023,0,0,0,0,0,0,305.0006,0,0,0,0,0,0,0,76.41524,0,0,0,0,0,0,0,0,0,0,0,0,0,0,0,0,0,26.66462,0,103.6128,0,138.2903,86.28676,0,0,25.73411,8.069844,0,0,0,0,0,0,0,0,0,0,0,0,0,0,0,0,0,0,48.2794,409.7069,0,0,212.919,50.22669,0,0,0,0,0,0,0,0,0,0,0,0,0,0,0,0,104.1747,76.00488,0,0,184.3917,0,0,64.67028,0,0,0,0,0,0,0,0,0,0,0,203.796,0,0,0,0,0,0,584.9642,19.48495,140.8304,193.8492,0,177.6829,0,52.01694,0,0,0
101541,frpr-10,WBGene00019019,2,0,0,0,0,0,39.36515,13.40448,0,27.28947,52.83047,0,0,6.68125,0,0,0,0,0,0,0,0,22.10209,58.6094,0,0,0,0,0,304.803,14.59437,0,424.5396,0,0,147.6742,0,0,0,0,0,0,0,0,0,0,0,0,0,0,17.30291,0,21.61124,0,0,0,0,0,0,0,0,0,0,0,0,0,0,0,0,0,0,0,0,0,0,0,0,0,0,0,0,6.295288,0,0,12.51862,0,0,8.22441,7.369133,118.995,22.41373,0,0,0,110.4358,0,0,0,0,0,43.47997,18.39587,0,0,0,0,0,0,36.73076,70.19774,0,0,0,0,0,0,0,0,0,0,0,0,0,0,0,0,0,0,0
101582,npr-22,WBGene00022004,2,0,0,0,0,0,23.45997,0,0,0,0,0,0,0,0,0,0,0,0,0,45.66384,0,0,51.46016,16.49599,0,0,0,0,0,24.45603,0,0,0,0,0,0,0,0,0,28.95971,0,18.83665,0,0,0,0,0,7.718572,0,0,0,24.67394,243.4605,241.3172,0,0,9.185099,101.6491,0,0,11.00502,0,0,0,0,0,0,64.86088,0,0,0,0,0,0,0,0,0,0,0,0,6.454519,0,0,11.1607,370.0313,0,0,0,0,15.6731,0,0,0,0,0,0,12.5637,0,0,0,0,0,42.11355,0,0,0,0,0,0,0,0,0,0,0,0,0,37.84102,0,0,0,0,0,0,0,0,0,0,0
101992,F59B2.13,WBGene00010315,2,0,0,0,0,0,61.20136,0,0,86.4037,0,31.45665,72.70926,0,0,0,0,0,0,0,129.5695,0,0,215.2539,0,0,0,0,0,0,80.21815,0,0,0,38.69496,0,0,0,0,0,0,0,45.34237,0,0,0,0,0,0,263.7024,0,0,0,0,23.74874,0,0,705.4302,327.1843,0,0,0,0,0,0,257.4569,0,0,74.64312,33.33297,0,0,0,0,0,0,0,0,0,0,0,0,0,0,0,0,0,0,0,544.4545,0,0,0,0,0,33.56039,0,0,0,0,0,0,0,0,0,0,0,0,0,0,0,0,0,0,0,0,0,0,0,0,0,0,0,0,0,0,0,0,0
103091,frpr-11,WBGene00019444,2,0,0,0,0,0,3.661412,7.659338,0,72.19065,0,0,0,4.438193,0,0,0,0,0,4.16989,0,0,0,5.241901,0,87.58736,6.202333,186.413,267.6145,0,17.28862,33.94126,0,0,0,77.56551,0,0,0,0,10.67771,0,9.923376,0,31.66362,0,27.95197,11.69612,0,0,0,36.28948,0,0,0,0,0,0,0,0,0,0,0,0,0,0,0,0,0,0,0,0,0,0,0,0,9.322382,0,0,0,0,0,39.00086,0,46.23758,0,0,2.964948,0,0,0,0,0,0,4.346879,6.39373,0,0,8.010309,20.86002,0,0,0,0,0,0,0,0,0,0,44.93056,0,0,0,5.066965,0,0,0,0,0,0,10.40342,0,13.5629,9.851063,15.4636,0,0,0
103801,npr-35,WBGene00016842,2,0,0,0,0,0,0,36.33473,0,0,100.2887,0,0,0,0,0,0,0,0,2.882003,0,0,0,0,0,193.2533,97.52928,91.18155,14.00414,0,0,0,0,0,0,0,0,0,0,0,11.58084,0,23.8994,0,0,0,2.978705,0,0,0,0,0,0,0,0,0,0,0,0,117.3061,0,0,0,0,0,19.34807,0,0,0,0,0,0,0,0,8.945227,0,0,0,0,0,0,0,0,0,0,0,0,0,17.65034,0,0,0,13.20605,0,64.87482,0,0,155.9556,5.5705,0,0,0,0,0,11.56152,0,0,0,0,0,44.88136,0,0,0,74.77236,0,0,0,2.415758,0,0,0,0,0,0,0,77.55176,0,0
104241,npr-9,WBGene00013974,2,0,0,0,0,0,0,144.2616,0,284.2751,0,0,88.93235,0,0,0,0,0,0,0,0,63.15695,0,0,51.47721,0,0,0,0,0,0,0,0,0,0,0,0,0,0,0,0,0,121.3365,0,0,0,0,0,0,0,0,0,0,0,0,0,0,0,0,0,0,0,0,0,0,0,0,0,0,0,0,0,0,0,0,0,0,0,0,0,0,0,0,0,0,0,0,0,0,0,0,0,0,0,0,0,0,0,0,0,0,0,0,0,0,0,0,0,0,0,0,0,0,22.06511,0,0,0,0,0,0,0,0,0,0,0,0,18.68838,0,0
104441,ckr-1,WBGene00020712,2,0,0,0,0,0,0,61.94509,0,103.187,0,0,0,0,0,18.17243,0,0,0,0,119.8689,0,0,56.95442,0,67.89797,35.9017,0,0,0,0,0,0,0,0,0,0,271.556,0,0,64.70781,0,0,0,0,0,115.6952,163.3942,0,0,0,0,0,0,0,0,0,0,111.1435,34.97767,0,16.8236,73.38076,0,0,0,0,0,0,0,104.1894,262.4954,138.8868,467.6019,7.284575,0,0,0,0,0,0,0,0,0,0,0,20.29151,0,0,0,0,0,31.2451,41.88381,13.08013,193.1118,0,0,0,0,0,329.7607,0,0,76.36177,302.5396,0,0,23.98,22.23103,0,0,0,0,0,0,124.9815,0,0,0,0,27.7292,36.72842,124.2788,99.95979,96.39968,0,0,67.76551
104502,F16C3.1,WBGene00008885,2,0,0,0,0,0,0,61.47376,10.99479,0,19.75972,75.43989,0,65.5878,0,0,82.46359,0,0,0,0,6.177579,0,0,0,27.44601,11.55198,18.16371,100.9916,0,26.57187,0,0,19.52145,0,0,5.591147,0,0,0,0,0,0,0,162.6529,63.31113,268.7264,104.3357,16.78019,6.713184,0,0,0,0,0,0,0,0,58.23343,0,0,0,0,0,0,28.92027,0,0,0,0,9.849098,0,101.5654,0,0,5.590719,25.56599,0,0,50.19606,0,62.38871,0,4.425828,40.57551,0,0,7.2572,0,0,52.45158,0,75.79664,0,4.58472,0,15.13627,0,0,6.618208,0,0,9.494705,46.84786,30.1198,163.8347,40.33059,0,8.206621,38.11115,0,41.17243,0,18.42949,16.68237,27.7813,60.80908,0,0,0,0,85.17391,116.2482,114.098,167.3004,165.2716,0,0,0
104701,F40A3.7,WBGene00018222,2,0,0,0,0,0,0,226.9409,0,0,31.07755,0,95.69874,0,0,0,0,0,0,0,64.09483,0,63.64165,58.62404,0,0,0,0,17.17756,188.9081,97.68298,0,0,0,23.07181,0,0,0,48.42716,14.96041,18.72292,0,0,0,0,0,0,0,0,36.74279,0,281.6477,62.58453,0,0,0,0,0,0,0,0,0,0,0,0,0,0,0,0,13.00694,0,24.53738,26.5623,0,0,0,0,0,0,0,21.64555,51.37321,0,10.00546,3.049951,0,0,0,11.12155,12.78157,0,0,0,0,0,54.39865,0,0,18.84218,4.241595,0,42.04563,0,0,42.9117,0,0,559.0475,0,0,0,0,0,19.80487,0,14.13267,0,0,0,0,171.139,0,0,0,0,0,0,0,31.035
104741,frpr-12,WBGene00019445,2,0,0,0,0,0,0,58.03755,0,0,45.49801,0,0,49.54396,0,0,0,0,0,13.3769,33.11751,0,0,39.41599,0,0,0,870.8707,0,0,37.78225,18.25759,0,0,0,379.0068,0,0,0,0,190.8358,0,436.4251,0,0,20.50819,27.05203,0,0,0,0,91.51927,10.27056,0,0,0,0,0,0,0,0,0,0,0,0,0,0,0,0,0,0,0,0,0,0,0,0,0,0,29.89859,0,97.6256,55.00946,140.0669,283.9169,0,0,105.3344,0,0,0,0,0,0,0,0,0,0,0,0,0,0,0,0,0,0,0,0,0,0,0,0,0,0,0,0,0,0,0,0,0,0,97.89158,0,0,0,0,0,0
104751,frpr-6,WBGene00017661,2,0,0,0,0,0,0,77.59217,0,320.103,48.32309,0,0,0,0,0,0,0,0,26.25498,0,256.022,263.4707,0,0,0,0,0,0,241.8301,0,0,0,0,0,0,284.2131,0,0,100.4754,0,0,22.00212,0,0,0,0,0,0,0,0,0,0,0,0,0,0,0,0,0,0,0,0,0,0,0,30.29202,0,0,0,0,0,0,0,0,0,52.69974,0,0,0,0,85.34167,0,0,0,0,0,0,0,0,0,0,0,4667.202,0,0,0,114.3939,0,147.5366,165.6584,484.2798,0,0,0,0,0,0,322.5527,0,0,0,169.5046,0,0,0,0,0,0,0,0,0,0,0,0,0,0,0,0
104931,frpr-14,WBGene00019496,2,0,0,0,0,0,0,257.3252,0,0,0,0,0,0,0,0,0,0,0,0,0,0,15.80716,0,0,0,0,0,0,438.3842,653.8059,111.5564,261.845,0,0,0,0,0,0,0,0,0,0,0,0,0,0,0,0,0,0,0,0,0,0,0,0,0,0,0,0,0,0,0,0,0,270.5628,0,0,0,0,0,0,0,0,0,0,0,0,0,0,0,0,0,0,0,0,0,0,0,0,0,0,0,0,0,0,0,76.26189,0,0,0,0,0,0,0,0,0,0,0,0,0,0,0,0,0,0,0,0,0,0,0,0,0,0,0,0,0,0
105192,C04C3.6,WBGene00015416,2,0,0,0,0,0,0,0,2.369121,10.00105,13.21304,0,0.4190185,0,0,0,0,0,0,0,0,0,0,0,0,0,0,0,0,0,0,0,17.07469,0,0,0,11.60926,0,0,3.312386,0,0,0,0,0,0,0,0,0,0,0,0,0,0,0,0,0,0,0,0,0,0,0,0,0,23.80195,0,0,0,0,0,0,0,0,0,0,0,0,0,0,0,0,4.159662,0,0,0,0,2.437356,0,0,0,0,0,0,0,0,64.24801,0,0,46.15705,0,8.982902,0,0,0,0,0,0,0,12.96551,0,0,0,0,0,0,0,0,0,0,0,0,0,0,0,0,0,0,0
106522,zzz-1,WBGene00009333,2,0,0,0,0,0,0,0,93.04283,0,0,0,69.76962,0,0,0,673.0542,0,0,0,0,0,0,0,0,0,0,0,0,0,0,0,0,0,0,0,0,0,0,0,0,0,0,0,0,0,0,0,0,0,0,78.61517,102.7473,0,0,188.0055,0,0,0,0,0,0,0,32.96785,0,0,0,0,0,0,0,0,0,0,5464.95,0,0,0,0,0,0,0,0,0,0,0,0,0,0,105.813,0,0,0,0,0,0,0,0,0,0,0,0,0,0,0,0,0,0,0,0,0,491.0973,0,0,0,202.6496,0,0,269.6248,0,0,0,0,0,0,0,0,0,0
107001,Y41D4B.24,WBGene00021524,2,0,0,0,0,0,0,0,0,21.76482,0,0,0,0,0,3.594708,58.01024,0,0,0,37.06345,0,0,0,19.66114,0,31.45626,0,36.14432,0,0,0,0,0,0,0,0,0,0,0,0,0,0,16.03029,30.24524,0,0,0,0,0,141.351,0,2.603315,0,0,0,0,0,0,0,0,0,0,6.240736,134.0287,0,0,0,0,0,0,25.03857,0,0,0,0,0,0,0,0,0,0,0,0,0,0,0,3.273941,17.80874,399.0111,0,0,216.4516,0,0,13.91808,0,0,0,0,0,0,57.12024,78.47018,171.9283,0,0,0,0,0,0,44.22386,0,70.18821,0,0,173.1372,0,23.40377,0,0,29.51239,0,0,47.97448,0,10.85153,0,0
107321,npr-17,WBGene00015559,2,0,0,0,0,0,0,0,0,276.6477,0,0,301.6172,0,0,744.4892,0,0,0,0,0,33.31049,0,0,988.5218,0,0,0,0,0,0,0,1299.692,0,0,0,0,0,0,33.09548,0,0,0,0,0,0,0,0,0,0,0,0,127.71,0,0,0,0,0,0,0,0,0,0,0,0,0,0,0,0,0,30.57597,0,0,0,0,0,0,0,0,0,0,14.50197,0,0,0,0,1977.104,18.91071,83.25217,52.1957,0,0,0,0,0,0,0,0,0,0,152.7656,145.036,0,0,0,0,0,0,0,316.4476,0,0,0,0,0,0,0,0,191.8257,0,0,0,0,0,0,0,0,0,0
108661,sprr-3,WBGene00022086,2,0,0,0,0,0,0,0,0,0,26.58994,0,0,4.387978,0,0,0,0,24.89907,0,8.469684,0,0,0,0,43.28419,12.00098,116.1469,26.13852,0,0,0,23.22157,0,0,68.35471,13.18607,0,0,38.17721,0,0,5.983604,0,0,0,0,0,0,0,0,0,36.27942,0,0,0,0,0,0,0,0,0,44.02846,0,0,0,0,0,0,0,0,0,0,0,0,0,0,0,0,34.36516,0,0,76.36209,0,0,0,61.11704,0,0,0,0,0,0,0,3.868059,0,0,0,2.666935,0,5.087746,0,0,0,9.666872,0,0,0,0,0,0,0,0,0,0,0,0,0,16.99192,162.1649,0,0,0,0,0,0,0,68.83994,0
109571,gnrr-7,WBGene00008737,2,0,0,0,0,0,0,0,0,0,124.9069,0,42.45053,0,0,0,0,0,0,134.9637,0,0,10.90172,0,0,0,18.63842,0,0,0,20.62943,76.07652,35.78542,8.176798,0,0,7.375362,0,24.14124,0,0,0,16.92686,0,0,0,0,0,0,0,0,0,26.56844,0,0,0,0,0,0,0,0,0,0,0,0,0,0,0,0,0,0,0,0,0,0,0,0,0,0,0,0,0,0,0,0,0,0,0,0,0,0,0,0,0,0,0,0,0,0,0,0,0,0,0,0,0,0,0,0,0,0,0,0,0,0,0,0,0,0,0,0,0,0,0,0,0,0,0,0
110711,tkr-3,WBGene00006428,2,0,0,0,0,0,0,0,0,0,0,209.0973,322.2478,0,3023.845,0,0,0,0,61.54617,0,0,176.2689,0,0,1417.711,0,75.48391,237.7887,26.11237,0,0,0,54.53788,0,0,0,0,0,0,0,0,0,0,0,0,0,0,0,0,0,0,0,0,0,0,0,93.7214,0,0,70.15093,56.45863,0,396.2834,39.88093,122.8217,0,33.17049,0,0,0,49.07476,0,0,0,0,0,0,0,0,0,0,0,0,0,0,0,0,0,0,0,0,0,0,0,59.70804,0,0,0,1016.071,0,0,0,0,39.25476,0,0,0,0,81.56486,54.71742,0,0,73.04364,0,0,0,0,37.56536,0,0,128.1534,0,0,0,0,0,0,0
111501,frpr-4,WBGene00016909,2,0,0,0,0,0,0,0,0,0,0,8.346814,0,0,0,0,0,8.798131,0,0,0,0,23.42959,0,16.23574,0,0,0,0,37.3207,68.06307,0,0,0,0,5.463411,0,0,0,0,662.5137,0,0,0,0,0,0,0,0,114.7587,0,30.69458,0,0,0,81.73526,0,0,0,0,0,0,0,0,84.27039,44.15105,0,0,0,0,0,0,0,0,0,0,0,0,0,0,0,12.77189,0,16.98864,19.23517,0,0,0,0,18.28635,31.81903,64.69643,0,0,0,0,0,0,0,0,66.49217,24.42543,0,0,0,0,36.27953,37.41233,0,0,0,0,0,13.39143,0,0,0,0,0,20.28985,0,0,252.7442,0,7.08071,8.533017,0,0,126.3569
111791,W10C4.1,WBGene00021124,2,0,0,0,0,0,0,0,0,0,0,0,116.2067,4.239809,0,0,73.06517,0,0,0,0,0,0,0,0,0,0,0,0,0,0,0,0,0,0,0,0,0,0,0,12.80745,0,0,0,0,0,0,0,0,0,0,0,24.24073,15.66092,0,0,0,0,0,0,223.0332,107.2637,0,0,55.30678,0,0,0,20.25359,0,0,0,112.5527,0,0,0,0,0,0,3.584482,16.83079,0,0,0,0,0,0,0,0,64.53415,0,0,0,0,0,0,0,0,0,0,0,0,0,0,0,0,0,0,0,0,0,0,0,0,0,0,0,0,0,0,0,0,73.69799,0,0,0,0,0,0
112221,gnrr-6,WBGene00008736,2,0,0,0,0,0,0,0,0,0,0,0,162.939,0,0,0,0,34.91256,0,0,0,0,59.53006,14.39441,0,0,44.74965,0,0,0,0,72.60878,0,22.56028,0,0,0,0,84.65231,0,0,54.59156,0,0,0,0,0,0,0,0,0,0,0,0,0,0,0,0,0,0,0,0,0,0,0,39.40979,0,0,0,0,0,1430.569,0,0,5.746172,0,0,0,125.0561,0,0,0,29.32452,0,0,104.668,0,0,0,0,0,0,0,0,0,0,0,17.44945,0,45.37305,23.94386,0,0,0,0,0,0,0,11.93581,0,0,0,0,46.75562,0,0,0,0,417.0402,0,0,0,0,0,0,0,0,0,0
112861,C54D10.5,WBGene00008300,2,0,0,0,0,0,0,0,0,0,0,0,455.4807,0,0,0,0,56.41817,0,0,0,0,14.06968,0,0,0,66.52814,31.49264,0,0,350.768,0,0,0,226.5629,0,0,0,0,0,0,0,0,0,0,0,0,0,940.2971,0,0,0,0,0,0,0,0,0,100.9498,0,0,0,0,0,0,428.9742,30.29202,232.8932,159.9373,0,0,0,41.80299,0,0,0,0,0,0,0,0,0,85.11323,81.97525,0,0,0,0,0,0,0,0,235.5117,0,0,0,409.5516,0,125.8666,0,0,123.266,132.9219,0,0,0,0,0,0,0,0,0,37.16826,0,0,0,0,0,170.544,25.53156,0,0,0,0,0,0,0,0,0
115831,npr-1,WBGene00003807,2,0,0,0,0,0,0,0,0,0,0,0,0,0,0,210.7891,0,38.45018,73.66713,99.61207,0,0,0,0,22.31525,0,0,0,0,0,0,0,266.929,0,0,0,0,0,0,0,0,0,0,0,0,120.3685,0,0,0,101.9735,0,0,0,0,0,0,0,0,0,0,0,92.00884,86.36677,0,0,0,0,0,0,0,0,0,0,0,0,0,94.88268,0,0,0,0,237.3945,0,0,0,0,19.47995,0,100.0401,0,0,0,0,0,0,0,89.29631,150.4123,0,0,0,0,0,0,0,0,0,52.39678,280.9313,0,0,0,0,0,0,0,0,0,0,0,0,0,514.3526,0,0,0,0,0,47.17108
115882,aexr-2,WBGene00016090,2,0,0,0,0,0,0,0,0,0,0,0,0,0,0,422.2669,0,0,0,0,0,0,0,0,0,0,0,0,0,0,0,0,0,0,0,0,0,0,0,0,0,0,0,0,0,0,0,0,0,0,0,0,17.56749,0,0,44.69121,0,0,0,0,0,0,0,0,0,0,0,0,0,0,0,0,0,0,0,0,0,0,0,0,0,1233.102,0,0,0,0,0,0,0,0,0,0,0,0,0,0,0,0,0,0,0,0,0,0,0,0,0,0,0,0,0,0,0,0,0,0,0,0,0,487.8244,0,0,0,0,0,0,0,0,0
119061,C50H11.13,WBGene00016858,2,0,0,0,0,0,0,0,0,0,0,0,0,0,0,0,0,0,62.74285,0,11.46791,0,0,0,0,8.244618,5.372335,0,69.13949,0,0,0,0,0,0,0,0,0,0,0,0,0,0,0,0,0,0,0,0,0,5.326715,0,0,0,0,0,0,0,0,0,0,0,0,0,0,0,0,0,0,0,0,0,0,0,0,0,0,0,0,0,0,0,0,0,0,0,0,8.246978,0,0,0,256.8498,0,0,0,0,59.47369,0,0,0,0,0,0,0,0,0,0,0,0,0,24.64105,0,0,0,0,0,0,0,0,0,0,0,0,0,0,0,0,0,0
125121,C09F12.3,WBGene00007483,2,0,0,0,0,0,0,0,0,0,0,0,0,0,0,0,0,0,0,0,0,0,0,20.3386,0,0,0,0,0,0,15.73376,0,0,0,0,0,0,0,0,0,0,0,0,0,0,0,0,0,0,15.89259,0,0,0,0,0,8.055649,0,0,0,0,0,0,0,0,110.5629,0,691.6677,156.9419,0,821.6989,0,0,0,0,0,0,0,0,0,0,0,0,0,0,0,0,0,0,0,0,0,0,0,0,0,0,0,0,0,0,0,0,0,0,0,0,0,0,0,0,0,0,0,0,0,0,0,0,0,0,0,0,0,0,0,0,0,0,0
125171,frpr-17,WBGene00011765,2,0,0,0,0,0,0,0,0,0,0,0,0,0,0,0,0,0,0,0,0,0,0,143.5777,37.50923,0,198.1625,0,0,0,26.54887,38.60572,0,0,0,11.19873,0,0,0,0,0,0,0,0,0,21.45875,207.2431,148.804,196.152,0,0,0,0,0,0,8.055649,44.36926,31.82933,0,0,0,11.84229,0,0,180.9295,0,117.1234,0,0,0,0,0,0,0,218.1276,0,0,0,0,20.84533,0,0,0,0,156.2546,161.0471,0,0,12.98207,0,31.0221,0,0,0,66.27059,22.92975,41.80977,0,0,0,0,8.41602,0,229.0552,0,0,0,0,0,0,0,109.8666,0,44.99445,163.2244,34.57306,19.62994,43.33524,0,0,0,0,163.6677,62.96685,53.12521,47.88286,0,0,0
128521,nmur-3,WBGene00017176,2,0,0,0,0,0,0,0,0,0,0,0,0,0,0,0,0,0,0,0,0,0,0,0,0,0,0,0,0,0,0,0,0,0,526.06,0,0,0,0,0,0,0,0,0,0,0,0,0,0,59.5988,0,0,0,0,0,72.17384,64.6403,0,0,0,0,0,0,0,0,0,0,0,72.21411,0,21.46768,0,0,0,0,0,0,0,0,0,0,0,0,0,0,0,0,0,0,0,0,0,0,0,0,0,0,0,0,0,0,0,0,0,0,0,0,0,0,0,0,0,0,0,0,0,0,0,0,0,0,0,0,0,0,0,0,0,0
135471,lat-2,WBGene00002252,2,0,0,0,0,0,0,0,0,0,0,0,0,0,0,0,0,0,0,0,0,0,0,0,0,0,0,0,0,0,0,0,0,0,0,0,0,0,0,0,0,0,0,0,0,0,0,0,0,0,0,0,0,0,0,0,0,0,0,0,0,0,0,0,0,0,0,0,0,0,0,0,0,0,59.86768,0,0,0,0,0,0,0,0,0,0,0,0,0,0,0,0,0,0,0,0,0,0,0,0,0,0,0,0,0,0,0,0,0,0,0,0,0,0,0,0,0,0,0,0,0,0,0,0,0,0,0,0,0,0
